from_library,to_library,count,daily_average
ACL,ACL,7799,121.859375
ACL,ALM,3,0.046875
ACL,ARP,87,1.359375
ACL,BAR,326,5.09375
ACL,BER,12,0.1875
ACL,BLV,48,0.75
ACL,BRD,124,1.9375
ACL,CBR,35,0.546875
ACL,CIA,28,0.4375
ACL,COL,64,1
ACL,CSP,56,0.875
ACL,DCL,36,0.5625
ACL,DEE,25,0.390625
ACL,DFT,131,2.046875
ACL,FCH,206,3.21875
ACL,HAW,135,2.109375
ACL,HPB,184,2.875
ACL,LAK,163,2.546875
ACL,LAV,6,0.09375
ACL,LDI,96,1.5
ACL,MAD,219,3.421875
ACL,MAR,29,0.453125
ACL,MAZ,10,0.15625
ACL,MCF,86,1.34375
ACL,MCM,1096,17.125
ACL,MEA,122,1.90625
ACL,MFD,76,1.1875
ACL,MID,383,5.984375
ACL,MNT,21,0.328125
ACL,MOO,114,1.78125
ACL,MRO,318,4.96875
ACL,MRS,0,0
ACL,MSB,157,2.453125
ACL,MTH,77,1.203125
ACL,NEK,193,3.015625
ACL,NGL,130,2.03125
ACL,NOF,15,0.234375
ACL,ORE,115,1.796875
ACL,PAR,32,0.5
ACL,PDS,203,3.171875
ACL,PIN,287,4.484375
ACL,PLA,23,0.359375
ACL,PLO,54,0.84375
ACL,POR,157,2.453125
ACL,POY,47,0.734375
ACL,RAN,32,0.5
ACL,REE,199,3.109375
ACL,RIO,6,0.09375
ACL,RKS,7,0.109375
ACL,ROM,166,2.59375
ACL,ROS,16,0.25
ACL,SCA,0,0
ACL,SCL,0,0
ACL,SEQ,343,5.359375
ACL,SGR,74,1.15625
ACL,SKC,107,1.671875
ACL,SMB,65,1.015625
ACL,STO,96,1.5
ACL,STP,127,1.984375
ACL,SUN,267,4.171875
ACL,VER,301,4.703125
ACL,WAU,134,2.09375
ACL,WID,86,1.34375
ACL,WYO,11,0.171875
ACL,ZZZ,23,0.359375
ACL,UNDEF,0,0
ALM,ACL,10,0.15625
ALM,ALM,593,9.265625
ALM,ARP,0,0
ALM,BAR,25,0.390625
ALM,BER,2,0.03125
ALM,BLV,2,0.03125
ALM,BRD,5,0.078125
ALM,CBR,1,0.015625
ALM,CIA,0,0
ALM,COL,3,0.046875
ALM,CSP,3,0.046875
ALM,DCL,3,0.046875
ALM,DEE,2,0.03125
ALM,DFT,20,0.3125
ALM,FCH,18,0.28125
ALM,HAW,6,0.09375
ALM,HPB,15,0.234375
ALM,LAK,14,0.21875
ALM,LAV,0,0
ALM,LDI,2,0.03125
ALM,MAD,12,0.1875
ALM,MAR,2,0.03125
ALM,MAZ,1,0.015625
ALM,MCF,9,0.140625
ALM,MCM,32,0.5
ALM,MEA,7,0.109375
ALM,MFD,0,0
ALM,MID,41,0.640625
ALM,MNT,2,0.03125
ALM,MOO,28,0.4375
ALM,MRO,21,0.328125
ALM,MRS,0,0
ALM,MSB,7,0.109375
ALM,MTH,17,0.265625
ALM,NEK,2,0.03125
ALM,NGL,8,0.125
ALM,NOF,1,0.015625
ALM,ORE,9,0.140625
ALM,PAR,0,0
ALM,PDS,6,0.09375
ALM,PIN,25,0.390625
ALM,PLA,2,0.03125
ALM,PLO,156,2.4375
ALM,POR,7,0.109375
ALM,POY,7,0.109375
ALM,RAN,0,0
ALM,REE,15,0.234375
ALM,RIO,1,0.015625
ALM,RKS,1,0.015625
ALM,ROM,3,0.046875
ALM,ROS,2,0.03125
ALM,SCA,0,0
ALM,SCL,0,0
ALM,SEQ,46,0.71875
ALM,SGR,6,0.09375
ALM,SKC,5,0.078125
ALM,SMB,7,0.109375
ALM,STO,18,0.28125
ALM,STP,314,4.90625
ALM,SUN,28,0.4375
ALM,VER,55,0.859375
ALM,WAU,9,0.140625
ALM,WID,5,0.078125
ALM,WYO,0,0
ALM,ZZZ,2,0.03125
ALM,UNDEF,0,0
ARP,ACL,46,0.71875
ARP,ALM,3,0.046875
ARP,ARP,1998,31.21875
ARP,BAR,70,1.09375
ARP,BER,2,0.03125
ARP,BLV,10,0.15625
ARP,BRD,78,1.21875
ARP,CBR,13,0.203125
ARP,CIA,4,0.0625
ARP,COL,26,0.40625
ARP,CSP,8,0.125
ARP,DCL,9,0.140625
ARP,DEE,9,0.140625
ARP,DFT,34,0.53125
ARP,FCH,47,0.734375
ARP,HAW,34,0.53125
ARP,HPB,51,0.796875
ARP,LAK,34,0.53125
ARP,LAV,6,0.09375
ARP,LDI,29,0.453125
ARP,MAD,43,0.671875
ARP,MAR,7,0.109375
ARP,MAZ,2,0.03125
ARP,MCF,25,0.390625
ARP,MCM,218,3.40625
ARP,MEA,26,0.40625
ARP,MFD,14,0.21875
ARP,MID,110,1.71875
ARP,MNT,8,0.125
ARP,MOO,30,0.46875
ARP,MRO,202,3.15625
ARP,MRS,0,0
ARP,MSB,24,0.375
ARP,MTH,31,0.484375
ARP,NEK,15,0.234375
ARP,NGL,44,0.6875
ARP,NOF,3,0.046875
ARP,ORE,33,0.515625
ARP,PAR,3,0.046875
ARP,PDS,44,0.6875
ARP,PIN,40,0.625
ARP,PLA,6,0.09375
ARP,PLO,17,0.265625
ARP,POR,35,0.546875
ARP,POY,13,0.203125
ARP,RAN,7,0.109375
ARP,REE,93,1.453125
ARP,RIO,2,0.03125
ARP,RKS,1,0.015625
ARP,ROM,22,0.34375
ARP,ROS,0,0
ARP,SCA,0,0
ARP,SCL,0,0
ARP,SEQ,67,1.046875
ARP,SGR,16,0.25
ARP,SKC,50,0.78125
ARP,SMB,16,0.25
ARP,STO,29,0.453125
ARP,STP,24,0.375
ARP,SUN,56,0.875
ARP,VER,101,1.578125
ARP,WAU,34,0.53125
ARP,WID,34,0.53125
ARP,WYO,4,0.0625
ARP,ZZZ,0,0
ARP,UNDEF,0,0
BAR,ACL,55,0.859375
BAR,ALM,6,0.09375
BAR,ARP,21,0.328125
BAR,BAR,30082,470.03125
BAR,BER,28,0.4375
BAR,BLV,99,1.546875
BAR,BRD,49,0.765625
BAR,CBR,72,1.125
BAR,CIA,109,1.703125
BAR,COL,318,4.96875
BAR,CSP,83,1.296875
BAR,DCL,100,1.5625
BAR,DEE,62,0.96875
BAR,DFT,222,3.46875
BAR,FCH,416,6.5
BAR,HAW,487,7.609375
BAR,HPB,492,7.6875
BAR,LAK,370,5.78125
BAR,LAV,83,1.296875
BAR,LDI,400,6.25
BAR,MAD,431,6.734375
BAR,MAR,53,0.828125
BAR,MAZ,51,0.796875
BAR,MCF,179,2.796875
BAR,MCM,258,4.03125
BAR,MEA,250,3.90625
BAR,MFD,26,0.40625
BAR,MID,844,13.1875
BAR,MNT,10,0.15625
BAR,MOO,279,4.359375
BAR,MRO,244,3.8125
BAR,MRS,7,0.109375
BAR,MSB,297,4.640625
BAR,MTH,195,3.046875
BAR,NEK,57,0.890625
BAR,NGL,66,1.03125
BAR,NOF,219,3.421875
BAR,ORE,300,4.6875
BAR,PAR,149,2.328125
BAR,PDS,419,6.546875
BAR,PIN,537,8.390625
BAR,PLA,102,1.59375
BAR,PLO,91,1.421875
BAR,POR,446,6.96875
BAR,POY,207,3.234375
BAR,RAN,44,0.6875
BAR,REE,875,13.671875
BAR,RIO,32,0.5
BAR,RKS,39,0.609375
BAR,ROM,14,0.21875
BAR,ROS,46,0.71875
BAR,SCA,0,0
BAR,SCL,0,0
BAR,SEQ,833,13.015625
BAR,SGR,256,4
BAR,SKC,421,6.578125
BAR,SMB,187,2.921875
BAR,STO,248,3.875
BAR,STP,253,3.953125
BAR,SUN,644,10.0625
BAR,VER,614,9.59375
BAR,WAU,362,5.65625
BAR,WID,273,4.265625
BAR,WYO,23,0.359375
BAR,ZZZ,12,0.1875
BAR,UNDEF,0,0
BER,ACL,21,0.328125
BER,ALM,0,0
BER,ARP,7,0.109375
BER,BAR,52,0.8125
BER,BER,3736,58.375
BER,BLV,224,3.5
BER,BRD,10,0.15625
BER,CBR,42,0.65625
BER,CIA,1,0.015625
BER,COL,15,0.234375
BER,CSP,210,3.28125
BER,DCL,100,1.5625
BER,DEE,76,1.1875
BER,DFT,225,3.515625
BER,FCH,215,3.359375
BER,HAW,99,1.546875
BER,HPB,130,2.03125
BER,LAK,69,1.078125
BER,LAV,5,0.078125
BER,LDI,18,0.28125
BER,MAD,103,1.609375
BER,MAR,18,0.28125
BER,MAZ,24,0.375
BER,MCF,79,1.234375
BER,MCM,62,0.96875
BER,MEA,57,0.890625
BER,MFD,0,0
BER,MID,262,4.09375
BER,MNT,4,0.0625
BER,MOO,115,1.796875
BER,MRO,34,0.53125
BER,MRS,0,0
BER,MSB,38,0.59375
BER,MTH,49,0.765625
BER,NEK,10,0.15625
BER,NGL,15,0.234375
BER,NOF,4,0.0625
BER,ORE,91,1.421875
BER,PAR,7,0.109375
BER,PDS,40,0.625
BER,PIN,136,2.125
BER,PLA,8,0.125
BER,PLO,23,0.359375
BER,POR,17,0.265625
BER,POY,27,0.421875
BER,RAN,3,0.046875
BER,REE,31,0.484375
BER,RIO,0,0
BER,RKS,1,0.015625
BER,ROM,5,0.078125
BER,ROS,5,0.078125
BER,SCA,0,0
BER,SCL,0,0
BER,SEQ,227,3.546875
BER,SGR,19,0.296875
BER,SKC,20,0.3125
BER,SMB,26,0.40625
BER,STO,74,1.15625
BER,STP,82,1.28125
BER,SUN,216,3.375
BER,VER,256,4
BER,WAU,172,2.6875
BER,WID,13,0.203125
BER,WYO,3,0.046875
BER,ZZZ,5,0.078125
BER,UNDEF,0,0
BLV,ACL,18,0.28125
BLV,ALM,0,0
BLV,ARP,8,0.125
BLV,BAR,51,0.796875
BLV,BER,11,0.171875
BLV,BLV,11657,182.140625
BLV,BRD,22,0.34375
BLV,CBR,76,1.1875
BLV,CIA,12,0.1875
BLV,COL,18,0.28125
BLV,CSP,331,5.171875
BLV,DCL,121,1.890625
BLV,DEE,86,1.34375
BLV,DFT,305,4.765625
BLV,FCH,293,4.578125
BLV,HAW,105,1.640625
BLV,HPB,157,2.453125
BLV,LAK,133,2.078125
BLV,LAV,1,0.015625
BLV,LDI,19,0.296875
BLV,MAD,103,1.609375
BLV,MAR,19,0.296875
BLV,MAZ,32,0.5
BLV,MCF,114,1.78125
BLV,MCM,89,1.390625
BLV,MEA,99,1.546875
BLV,MFD,5,0.078125
BLV,MID,344,5.375
BLV,MNT,4,0.0625
BLV,MOO,140,2.1875
BLV,MRO,89,1.390625
BLV,MRS,5,0.078125
BLV,MSB,38,0.59375
BLV,MTH,95,1.484375
BLV,NEK,3,0.046875
BLV,NGL,24,0.375
BLV,NOF,8,0.125
BLV,ORE,129,2.015625
BLV,PAR,19,0.296875
BLV,PDS,34,0.53125
BLV,PIN,256,4
BLV,PLA,8,0.125
BLV,PLO,29,0.453125
BLV,POR,40,0.625
BLV,POY,22,0.34375
BLV,RAN,1,0.015625
BLV,REE,48,0.75
BLV,RIO,1,0.015625
BLV,RKS,3,0.046875
BLV,ROM,11,0.171875
BLV,ROS,9,0.140625
BLV,SCA,0,0
BLV,SCL,0,0
BLV,SEQ,296,4.625
BLV,SGR,27,0.421875
BLV,SKC,33,0.515625
BLV,SMB,30,0.46875
BLV,STO,109,1.703125
BLV,STP,87,1.359375
BLV,SUN,266,4.15625
BLV,VER,331,5.171875
BLV,WAU,262,4.09375
BLV,WID,38,0.59375
BLV,WYO,0,0
BLV,ZZZ,9,0.140625
BLV,UNDEF,0,0
BRD,ACL,21,0.328125
BRD,ALM,5,0.078125
BRD,ARP,8,0.125
BRD,BAR,265,4.140625
BRD,BER,7,0.109375
BRD,BLV,40,0.625
BRD,BRD,6541,102.203125
BRD,CBR,17,0.265625
BRD,CIA,7,0.109375
BRD,COL,72,1.125
BRD,CSP,26,0.40625
BRD,DCL,34,0.53125
BRD,DEE,29,0.453125
BRD,DFT,73,1.140625
BRD,FCH,134,2.09375
BRD,HAW,72,1.125
BRD,HPB,147,2.296875
BRD,LAK,113,1.765625
BRD,LAV,17,0.265625
BRD,LDI,97,1.515625
BRD,MAD,101,1.578125
BRD,MAR,16,0.25
BRD,MAZ,18,0.28125
BRD,MCF,76,1.1875
BRD,MCM,84,1.3125
BRD,MEA,71,1.109375
BRD,MFD,2,0.03125
BRD,MID,233,3.640625
BRD,MNT,77,1.203125
BRD,MOO,85,1.328125
BRD,MRO,391,6.109375
BRD,MRS,1,0.015625
BRD,MSB,116,1.8125
BRD,MTH,78,1.21875
BRD,NEK,8,0.125
BRD,NGL,241,3.765625
BRD,NOF,13,0.203125
BRD,ORE,90,1.40625
BRD,PAR,19,0.296875
BRD,PDS,141,2.203125
BRD,PIN,196,3.0625
BRD,PLA,25,0.390625
BRD,PLO,23,0.359375
BRD,POR,110,1.71875
BRD,POY,57,0.890625
BRD,RAN,11,0.171875
BRD,REE,227,3.546875
BRD,RIO,9,0.140625
BRD,RKS,6,0.09375
BRD,ROM,12,0.1875
BRD,ROS,12,0.1875
BRD,SCA,1,0.015625
BRD,SCL,0,0
BRD,SEQ,265,4.140625
BRD,SGR,78,1.21875
BRD,SKC,97,1.515625
BRD,SMB,38,0.59375
BRD,STO,78,1.21875
BRD,STP,65,1.015625
BRD,SUN,218,3.40625
BRD,VER,266,4.15625
BRD,WAU,131,2.046875
BRD,WID,55,0.859375
BRD,WYO,2,0.03125
BRD,ZZZ,7,0.109375
BRD,UNDEF,0,0
CBR,ACL,30,0.46875
CBR,ALM,1,0.015625
CBR,ARP,14,0.21875
CBR,BAR,87,1.359375
CBR,BER,73,1.140625
CBR,BLV,122,1.90625
CBR,BRD,26,0.40625
CBR,CBR,6253,97.703125
CBR,CIA,8,0.125
CBR,COL,30,0.46875
CBR,CSP,95,1.484375
CBR,DCL,120,1.875
CBR,DEE,313,4.890625
CBR,DFT,230,3.59375
CBR,FCH,537,8.390625
CBR,HAW,136,2.125
CBR,HPB,204,3.1875
CBR,LAK,165,2.578125
CBR,LAV,7,0.109375
CBR,LDI,53,0.828125
CBR,MAD,181,2.828125
CBR,MAR,39,0.609375
CBR,MAZ,211,3.296875
CBR,MCF,221,3.453125
CBR,MCM,130,2.03125
CBR,MEA,128,2
CBR,MFD,13,0.203125
CBR,MID,499,7.796875
CBR,MNT,5,0.078125
CBR,MOO,158,2.46875
CBR,MRO,82,1.28125
CBR,MRS,3,0.046875
CBR,MSB,56,0.875
CBR,MTH,136,2.125
CBR,NEK,7,0.109375
CBR,NGL,36,0.5625
CBR,NOF,4,0.0625
CBR,ORE,293,4.578125
CBR,PAR,11,0.171875
CBR,PDS,51,0.796875
CBR,PIN,318,4.96875
CBR,PLA,14,0.21875
CBR,PLO,59,0.921875
CBR,POR,31,0.484375
CBR,POY,28,0.4375
CBR,RAN,12,0.1875
CBR,REE,47,0.734375
CBR,RIO,1,0.015625
CBR,RKS,2,0.03125
CBR,ROM,16,0.25
CBR,ROS,13,0.203125
CBR,SCA,0,0
CBR,SCL,0,0
CBR,SEQ,382,5.96875
CBR,SGR,28,0.4375
CBR,SKC,41,0.640625
CBR,SMB,65,1.015625
CBR,STO,185,2.890625
CBR,STP,137,2.140625
CBR,SUN,482,7.53125
CBR,VER,462,7.21875
CBR,WAU,437,6.828125
CBR,WID,39,0.609375
CBR,WYO,0,0
CBR,ZZZ,5,0.078125
CBR,UNDEF,0,0
CIA,ACL,5,0.078125
CIA,ALM,1,0.015625
CIA,ARP,0,0
CIA,BAR,22,0.34375
CIA,BER,1,0.015625
CIA,BLV,9,0.140625
CIA,BRD,4,0.0625
CIA,CBR,15,0.234375
CIA,CIA,1632,25.5
CIA,COL,89,1.390625
CIA,CSP,17,0.265625
CIA,DCL,6,0.09375
CIA,DEE,13,0.203125
CIA,DFT,15,0.234375
CIA,FCH,42,0.65625
CIA,HAW,26,0.40625
CIA,HPB,46,0.71875
CIA,LAK,45,0.703125
CIA,LAV,0,0
CIA,LDI,57,0.890625
CIA,MAD,41,0.640625
CIA,MAR,9,0.140625
CIA,MAZ,10,0.15625
CIA,MCF,17,0.265625
CIA,MCM,25,0.390625
CIA,MEA,35,0.546875
CIA,MFD,1,0.015625
CIA,MID,90,1.40625
CIA,MNT,2,0.03125
CIA,MOO,29,0.453125
CIA,MRO,28,0.4375
CIA,MRS,0,0
CIA,MSB,70,1.09375
CIA,MTH,25,0.390625
CIA,NEK,8,0.125
CIA,NGL,12,0.1875
CIA,NOF,3,0.046875
CIA,ORE,39,0.609375
CIA,PAR,32,0.5
CIA,PDS,12,0.1875
CIA,PIN,61,0.953125
CIA,PLA,4,0.0625
CIA,PLO,9,0.140625
CIA,POR,132,2.0625
CIA,POY,23,0.359375
CIA,RAN,11,0.171875
CIA,REE,19,0.296875
CIA,RIO,5,0.078125
CIA,RKS,0,0
CIA,ROM,5,0.078125
CIA,ROS,0,0
CIA,SCA,1,0.015625
CIA,SCL,0,0
CIA,SEQ,97,1.515625
CIA,SGR,4,0.0625
CIA,SKC,12,0.1875
CIA,SMB,17,0.265625
CIA,STO,33,0.515625
CIA,STP,39,0.609375
CIA,SUN,83,1.296875
CIA,VER,87,1.359375
CIA,WAU,26,0.40625
CIA,WID,106,1.65625
CIA,WYO,8,0.125
CIA,ZZZ,0,0
CIA,UNDEF,0,0
COL,ACL,17,0.265625
COL,ALM,2,0.03125
COL,ARP,8,0.125
COL,BAR,70,1.09375
COL,BER,11,0.171875
COL,BLV,33,0.515625
COL,BRD,17,0.265625
COL,CBR,23,0.359375
COL,CIA,61,0.953125
COL,COL,8523,133.171875
COL,CSP,47,0.734375
COL,DCL,31,0.484375
COL,DEE,26,0.40625
COL,DFT,99,1.546875
COL,FCH,125,1.953125
COL,HAW,103,1.609375
COL,HPB,184,2.875
COL,LAK,132,2.0625
COL,LAV,5,0.078125
COL,LDI,249,3.890625
COL,MAD,125,1.953125
COL,MAR,20,0.3125
COL,MAZ,18,0.28125
COL,MCF,50,0.78125
COL,MCM,85,1.328125
COL,MEA,105,1.640625
COL,MFD,2,0.03125
COL,MID,259,4.046875
COL,MNT,4,0.0625
COL,MOO,112,1.75
COL,MRO,48,0.75
COL,MRS,0,0
COL,MSB,188,2.9375
COL,MTH,85,1.328125
COL,NEK,8,0.125
COL,NGL,28,0.4375
COL,NOF,7,0.109375
COL,ORE,95,1.484375
COL,PAR,59,0.921875
COL,PDS,40,0.625
COL,PIN,242,3.78125
COL,PLA,9,0.140625
COL,PLO,19,0.296875
COL,POR,516,8.0625
COL,POY,135,2.109375
COL,RAN,26,0.40625
COL,REE,54,0.84375
COL,RIO,28,0.4375
COL,RKS,0,0
COL,ROM,10,0.15625
COL,ROS,26,0.40625
COL,SCA,3,0.046875
COL,SCL,0,0
COL,SEQ,324,5.0625
COL,SGR,26,0.40625
COL,SKC,28,0.4375
COL,SMB,43,0.671875
COL,STO,108,1.6875
COL,STP,82,1.28125
COL,SUN,270,4.21875
COL,VER,251,3.921875
COL,WAU,118,1.84375
COL,WID,130,2.03125
COL,WYO,9,0.140625
COL,ZZZ,0,0
COL,UNDEF,0,0
CSP,ACL,22,0.34375
CSP,ALM,8,0.125
CSP,ARP,13,0.203125
CSP,BAR,83,1.296875
CSP,BER,34,0.53125
CSP,BLV,53,0.828125
CSP,BRD,20,0.3125
CSP,CBR,156,2.4375
CSP,CIA,7,0.109375
CSP,COL,21,0.328125
CSP,CSP,9900,154.6875
CSP,DCL,320,5
CSP,DEE,178,2.78125
CSP,DFT,566,8.84375
CSP,FCH,408,6.375
CSP,HAW,142,2.21875
CSP,HPB,255,3.984375
CSP,LAK,176,2.75
CSP,LAV,1,0.015625
CSP,LDI,30,0.46875
CSP,MAD,250,3.90625
CSP,MAR,30,0.46875
CSP,MAZ,96,1.5
CSP,MCF,161,2.515625
CSP,MCM,99,1.546875
CSP,MEA,139,2.171875
CSP,MFD,3,0.046875
CSP,MID,680,10.625
CSP,MNT,5,0.078125
CSP,MOO,227,3.546875
CSP,MRO,80,1.25
CSP,MRS,3,0.046875
CSP,MSB,115,1.796875
CSP,MTH,140,2.1875
CSP,NEK,12,0.1875
CSP,NGL,34,0.53125
CSP,NOF,5,0.078125
CSP,ORE,187,2.921875
CSP,PAR,7,0.109375
CSP,PDS,48,0.75
CSP,PIN,311,4.859375
CSP,PLA,10,0.15625
CSP,PLO,30,0.46875
CSP,POR,35,0.546875
CSP,POY,29,0.453125
CSP,RAN,9,0.140625
CSP,REE,65,1.015625
CSP,RIO,3,0.046875
CSP,RKS,4,0.0625
CSP,ROM,7,0.109375
CSP,ROS,5,0.078125
CSP,SCA,0,0
CSP,SCL,0,0
CSP,SEQ,474,7.40625
CSP,SGR,30,0.46875
CSP,SKC,44,0.6875
CSP,SMB,92,1.4375
CSP,STO,170,2.65625
CSP,STP,136,2.125
CSP,SUN,504,7.875
CSP,VER,482,7.53125
CSP,WAU,370,5.78125
CSP,WID,41,0.640625
CSP,WYO,2,0.03125
CSP,ZZZ,9,0.140625
CSP,UNDEF,0,0
DCL,ACL,61,0.953125
DCL,ALM,7,0.109375
DCL,ARP,4,0.0625
DCL,BAR,99,1.546875
DCL,BER,29,0.453125
DCL,BLV,40,0.625
DCL,BRD,40,0.625
DCL,CBR,136,2.125
DCL,CIA,21,0.328125
DCL,COL,21,0.328125
DCL,CSP,60,0.9375
DCL,DCL,20746,324.15625
DCL,DEE,118,1.84375
DCL,DFT,380,5.9375
DCL,FCH,333,5.203125
DCL,HAW,158,2.46875
DCL,HPB,201,3.140625
DCL,LAK,136,2.125
DCL,LAV,5,0.078125
DCL,LDI,67,1.046875
DCL,MAD,297,4.640625
DCL,MAR,38,0.59375
DCL,MAZ,69,1.078125
DCL,MCF,132,2.0625
DCL,MCM,139,2.171875
DCL,MEA,141,2.203125
DCL,MFD,4,0.0625
DCL,MID,452,7.0625
DCL,MNT,10,0.15625
DCL,MOO,198,3.09375
DCL,MRO,80,1.25
DCL,MRS,723,11.296875
DCL,MSB,50,0.78125
DCL,MTH,104,1.625
DCL,NEK,3,0.046875
DCL,NGL,34,0.53125
DCL,NOF,5,0.078125
DCL,ORE,158,2.46875
DCL,PAR,12,0.1875
DCL,PDS,63,0.984375
DCL,PIN,332,5.1875
DCL,PLA,19,0.296875
DCL,PLO,27,0.421875
DCL,POR,55,0.859375
DCL,POY,42,0.65625
DCL,RAN,5,0.078125
DCL,REE,104,1.625
DCL,RIO,6,0.09375
DCL,RKS,0,0
DCL,ROM,14,0.21875
DCL,ROS,15,0.234375
DCL,SCA,0,0
DCL,SCL,0,0
DCL,SEQ,416,6.5
DCL,SGR,43,0.671875
DCL,SKC,60,0.9375
DCL,SMB,82,1.28125
DCL,STO,209,3.265625
DCL,STP,159,2.484375
DCL,SUN,361,5.640625
DCL,VER,419,6.546875
DCL,WAU,351,5.484375
DCL,WID,32,0.5
DCL,WYO,8,0.125
DCL,ZZZ,13,0.203125
DCL,UNDEF,0,0
DEE,ACL,22,0.34375
DEE,ALM,1,0.015625
DEE,ARP,11,0.171875
DEE,BAR,72,1.125
DEE,BER,25,0.390625
DEE,BLV,38,0.59375
DEE,BRD,26,0.40625
DEE,CBR,16,0.25
DEE,CIA,14,0.21875
DEE,COL,20,0.3125
DEE,CSP,23,0.359375
DEE,DCL,54,0.84375
DEE,DEE,3092,48.3125
DEE,DFT,109,1.703125
DEE,FCH,398,6.21875
DEE,HAW,103,1.609375
DEE,HPB,195,3.046875
DEE,LAK,135,2.109375
DEE,LAV,1,0.015625
DEE,LDI,23,0.359375
DEE,MAD,167,2.609375
DEE,MAR,20,0.3125
DEE,MAZ,182,2.84375
DEE,MCF,129,2.015625
DEE,MCM,141,2.203125
DEE,MEA,102,1.59375
DEE,MFD,0,0
DEE,MID,455,7.109375
DEE,MNT,3,0.046875
DEE,MOO,172,2.6875
DEE,MRO,63,0.984375
DEE,MRS,0,0
DEE,MSB,47,0.734375
DEE,MTH,104,1.625
DEE,NEK,7,0.109375
DEE,NGL,29,0.453125
DEE,NOF,5,0.078125
DEE,ORE,144,2.25
DEE,PAR,6,0.09375
DEE,PDS,54,0.84375
DEE,PIN,244,3.8125
DEE,PLA,7,0.109375
DEE,PLO,38,0.59375
DEE,POR,46,0.71875
DEE,POY,31,0.484375
DEE,RAN,8,0.125
DEE,REE,50,0.78125
DEE,RIO,3,0.046875
DEE,RKS,0,0
DEE,ROM,21,0.328125
DEE,ROS,19,0.296875
DEE,SCA,0,0
DEE,SCL,0,0
DEE,SEQ,375,5.859375
DEE,SGR,21,0.328125
DEE,SKC,27,0.421875
DEE,SMB,40,0.625
DEE,STO,151,2.359375
DEE,STP,109,1.703125
DEE,SUN,410,6.40625
DEE,VER,356,5.5625
DEE,WAU,389,6.078125
DEE,WID,32,0.5
DEE,WYO,1,0.015625
DEE,ZZZ,11,0.171875
DEE,UNDEF,0,0
DFT,ACL,78,1.21875
DFT,ALM,2,0.03125
DFT,ARP,32,0.5
DFT,BAR,236,3.6875
DFT,BER,69,1.078125
DFT,BLV,115,1.796875
DFT,BRD,49,0.765625
DFT,CBR,396,6.1875
DFT,CIA,20,0.3125
DFT,COL,65,1.015625
DFT,CSP,161,2.515625
DFT,DCL,93,1.453125
DFT,DEE,409,6.390625
DFT,DFT,33350,521.09375
DFT,FCH,997,15.578125
DFT,HAW,390,6.09375
DFT,HPB,591,9.234375
DFT,LAK,434,6.78125
DFT,LAV,16,0.25
DFT,LDI,89,1.390625
DFT,MAD,580,9.0625
DFT,MAR,63,0.984375
DFT,MAZ,299,4.671875
DFT,MCF,505,7.890625
DFT,MCM,351,5.484375
DFT,MEA,351,5.484375
DFT,MFD,10,0.15625
DFT,MID,1326,20.71875
DFT,MNT,20,0.3125
DFT,MOO,475,7.421875
DFT,MRO,224,3.5
DFT,MRS,0,0
DFT,MSB,192,3
DFT,MTH,352,5.5
DFT,NEK,42,0.65625
DFT,NGL,65,1.015625
DFT,NOF,13,0.203125
DFT,ORE,476,7.4375
DFT,PAR,26,0.40625
DFT,PDS,152,2.375
DFT,PIN,786,12.28125
DFT,PLA,37,0.578125
DFT,PLO,116,1.8125
DFT,POR,109,1.703125
DFT,POY,54,0.84375
DFT,RAN,13,0.203125
DFT,REE,183,2.859375
DFT,RIO,21,0.328125
DFT,RKS,10,0.15625
DFT,ROM,29,0.453125
DFT,ROS,30,0.46875
DFT,SCA,2,0.03125
DFT,SCL,0,0
DFT,SEQ,1138,17.78125
DFT,SGR,77,1.203125
DFT,SKC,88,1.375
DFT,SMB,163,2.546875
DFT,STO,480,7.5
DFT,STP,374,5.84375
DFT,SUN,1157,18.078125
DFT,VER,1130,17.65625
DFT,WAU,873,13.640625
DFT,WID,94,1.46875
DFT,WYO,0,0
DFT,ZZZ,16,0.25
DFT,UNDEF,0,0
FCH,ACL,60,0.9375
FCH,ALM,5,0.078125
FCH,ARP,27,0.421875
FCH,BAR,280,4.375
FCH,BER,84,1.3125
FCH,BLV,183,2.859375
FCH,BRD,85,1.328125
FCH,CBR,120,1.875
FCH,CIA,22,0.34375
FCH,COL,122,1.90625
FCH,CSP,205,3.203125
FCH,DCL,183,2.859375
FCH,DEE,191,2.984375
FCH,DFT,440,6.875
FCH,FCH,48727,761.359375
FCH,HAW,554,8.65625
FCH,HPB,758,11.84375
FCH,LAK,570,8.90625
FCH,LAV,8,0.125
FCH,LDI,147,2.296875
FCH,MAD,672,10.5
FCH,MAR,101,1.578125
FCH,MAZ,67,1.046875
FCH,MCF,1747,27.296875
FCH,MCM,279,4.359375
FCH,MEA,508,7.9375
FCH,MFD,8,0.125
FCH,MID,2805,43.828125
FCH,MNT,24,0.375
FCH,MOO,790,12.34375
FCH,MRO,264,4.125
FCH,MRS,4,0.0625
FCH,MSB,291,4.546875
FCH,MTH,580,9.0625
FCH,NEK,38,0.59375
FCH,NGL,147,2.296875
FCH,NOF,20,0.3125
FCH,ORE,736,11.5
FCH,PAR,55,0.859375
FCH,PDS,169,2.640625
FCH,PIN,1115,17.421875
FCH,PLA,39,0.609375
FCH,PLO,117,1.828125
FCH,POR,121,1.890625
FCH,POY,92,1.4375
FCH,RAN,25,0.390625
FCH,REE,250,3.90625
FCH,RIO,27,0.421875
FCH,RKS,14,0.21875
FCH,ROM,43,0.671875
FCH,ROS,58,0.90625
FCH,SCA,2,0.03125
FCH,SCL,0,0
FCH,SEQ,1713,26.765625
FCH,SGR,116,1.8125
FCH,SKC,124,1.9375
FCH,SMB,246,3.84375
FCH,STO,790,12.34375
FCH,STP,507,7.921875
FCH,SUN,2541,39.703125
FCH,VER,2442,38.15625
FCH,WAU,624,9.75
FCH,WID,97,1.515625
FCH,WYO,7,0.109375
FCH,ZZZ,23,0.359375
FCH,UNDEF,0,0
HAW,ACL,40,0.625
HAW,ALM,10,0.15625
HAW,ARP,16,0.25
HAW,BAR,148,2.3125
HAW,BER,24,0.375
HAW,BLV,49,0.765625
HAW,BRD,48,0.75
HAW,CBR,23,0.359375
HAW,CIA,28,0.4375
HAW,COL,50,0.78125
HAW,CSP,66,1.03125
HAW,DCL,54,0.84375
HAW,DEE,43,0.671875
HAW,DFT,160,2.5
HAW,FCH,283,4.421875
HAW,HAW,20511,320.484375
HAW,HPB,718,11.21875
HAW,LAK,1463,22.859375
HAW,LAV,6,0.09375
HAW,LDI,52,0.8125
HAW,MAD,1117,17.453125
HAW,MAR,16,0.25
HAW,MAZ,25,0.390625
HAW,MCF,120,1.875
HAW,MCM,219,3.421875
HAW,MEA,502,7.84375
HAW,MFD,6,0.09375
HAW,MID,539,8.421875
HAW,MNT,10,0.15625
HAW,MOO,227,3.546875
HAW,MRO,115,1.796875
HAW,MRS,6,0.09375
HAW,MSB,455,7.109375
HAW,MTH,132,2.0625
HAW,NEK,9,0.140625
HAW,NGL,50,0.78125
HAW,NOF,31,0.484375
HAW,ORE,135,2.109375
HAW,PAR,21,0.328125
HAW,PDS,84,1.3125
HAW,PIN,988,15.4375
HAW,PLA,20,0.3125
HAW,PLO,81,1.265625
HAW,POR,105,1.640625
HAW,POY,39,0.609375
HAW,RAN,4,0.0625
HAW,REE,88,1.375
HAW,RIO,5,0.078125
HAW,RKS,6,0.09375
HAW,ROM,18,0.28125
HAW,ROS,54,0.84375
HAW,SCA,7,0.109375
HAW,SCL,0,0
HAW,SEQ,1216,19
HAW,SGR,60,0.9375
HAW,SKC,69,1.078125
HAW,SMB,266,4.15625
HAW,STO,156,2.4375
HAW,STP,350,5.46875
HAW,SUN,380,5.9375
HAW,VER,507,7.921875
HAW,WAU,191,2.984375
HAW,WID,48,0.75
HAW,WYO,4,0.0625
HAW,ZZZ,27,0.421875
HAW,UNDEF,0,0
HPB,ACL,71,1.109375
HPB,ALM,19,0.296875
HPB,ARP,55,0.859375
HPB,BAR,300,4.6875
HPB,BER,72,1.125
HPB,BLV,109,1.703125
HPB,BRD,79,1.234375
HPB,CBR,68,1.0625
HPB,CIA,29,0.453125
HPB,COL,107,1.671875
HPB,CSP,116,1.8125
HPB,DCL,124,1.9375
HPB,DEE,114,1.78125
HPB,DFT,248,3.875
HPB,FCH,557,8.703125
HPB,HAW,969,15.140625
HPB,HPB,38411,600.171875
HPB,LAK,905,14.140625
HPB,LAV,7,0.109375
HPB,LDI,105,1.640625
HPB,MAD,2112,33
HPB,MAR,45,0.703125
HPB,MAZ,71,1.109375
HPB,MCF,275,4.296875
HPB,MCM,488,7.625
HPB,MEA,627,9.796875
HPB,MFD,26,0.40625
HPB,MID,1302,20.34375
HPB,MNT,26,0.40625
HPB,MOO,459,7.171875
HPB,MRO,238,3.71875
HPB,MRS,5,0.078125
HPB,MSB,277,4.328125
HPB,MTH,281,4.390625
HPB,NEK,48,0.75
HPB,NGL,128,2
HPB,NOF,13,0.203125
HPB,ORE,312,4.875
HPB,PAR,50,0.78125
HPB,PDS,151,2.359375
HPB,PIN,2228,34.8125
HPB,PLA,42,0.65625
HPB,PLO,180,2.8125
HPB,POR,168,2.625
HPB,POY,88,1.375
HPB,RAN,12,0.1875
HPB,REE,185,2.890625
HPB,RIO,8,0.125
HPB,RKS,8,0.125
HPB,ROM,45,0.703125
HPB,ROS,65,1.015625
HPB,SCA,5,0.078125
HPB,SCL,0,0
HPB,SEQ,4615,72.109375
HPB,SGR,120,1.875
HPB,SKC,121,1.890625
HPB,SMB,310,4.84375
HPB,STO,381,5.953125
HPB,STP,738,11.53125
HPB,SUN,838,13.09375
HPB,VER,960,15
HPB,WAU,439,6.859375
HPB,WID,108,1.6875
HPB,WYO,3,0.046875
HPB,ZZZ,30,0.46875
HPB,UNDEF,0,0
LAK,ACL,56,0.875
LAK,ALM,11,0.171875
LAK,ARP,16,0.25
LAK,BAR,160,2.5
LAK,BER,24,0.375
LAK,BLV,49,0.765625
LAK,BRD,72,1.125
LAK,CBR,25,0.390625
LAK,CIA,18,0.28125
LAK,COL,56,0.875
LAK,CSP,52,0.8125
LAK,DCL,61,0.953125
LAK,DEE,30,0.46875
LAK,DFT,145,2.265625
LAK,FCH,283,4.421875
LAK,HAW,577,9.015625
LAK,HPB,798,12.46875
LAK,LAK,25125,392.578125
LAK,LAV,6,0.09375
LAK,LDI,58,0.90625
LAK,MAD,1098,17.15625
LAK,MAR,25,0.390625
LAK,MAZ,33,0.515625
LAK,MCF,143,2.234375
LAK,MCM,264,4.125
LAK,MEA,650,10.15625
LAK,MFD,21,0.328125
LAK,MID,572,8.9375
LAK,MNT,11,0.171875
LAK,MOO,193,3.015625
LAK,MRO,144,2.25
LAK,MRS,5,0.078125
LAK,MSB,517,8.078125
LAK,MTH,140,2.1875
LAK,NEK,14,0.21875
LAK,NGL,60,0.9375
LAK,NOF,14,0.21875
LAK,ORE,167,2.609375
LAK,PAR,15,0.234375
LAK,PDS,119,1.859375
LAK,PIN,1119,17.484375
LAK,PLA,19,0.296875
LAK,PLO,93,1.453125
LAK,POR,82,1.28125
LAK,POY,45,0.703125
LAK,RAN,8,0.125
LAK,REE,110,1.71875
LAK,RIO,0,0
LAK,RKS,3,0.046875
LAK,ROM,26,0.40625
LAK,ROS,45,0.703125
LAK,SCA,5,0.078125
LAK,SCL,0,0
LAK,SEQ,1370,21.40625
LAK,SGR,64,1
LAK,SKC,70,1.09375
LAK,SMB,390,6.09375
LAK,STO,166,2.59375
LAK,STP,406,6.34375
LAK,SUN,399,6.234375
LAK,VER,459,7.171875
LAK,WAU,245,3.828125
LAK,WID,58,0.90625
LAK,WYO,4,0.0625
LAK,ZZZ,20,0.3125
LAK,UNDEF,0,0
LAV,ACL,16,0.25
LAV,ALM,1,0.015625
LAV,ARP,1,0.015625
LAV,BAR,234,3.65625
LAV,BER,4,0.0625
LAV,BLV,5,0.078125
LAV,BRD,9,0.140625
LAV,CBR,0,0
LAV,CIA,6,0.09375
LAV,COL,23,0.359375
LAV,CSP,6,0.09375
LAV,DCL,14,0.21875
LAV,DEE,5,0.078125
LAV,DFT,11,0.171875
LAV,FCH,43,0.671875
LAV,HAW,16,0.25
LAV,HPB,42,0.65625
LAV,LAK,29,0.453125
LAV,LAV,773,12.078125
LAV,LDI,31,0.484375
LAV,MAD,48,0.75
LAV,MAR,1,0.015625
LAV,MAZ,1,0.015625
LAV,MCF,12,0.1875
LAV,MCM,23,0.359375
LAV,MEA,20,0.3125
LAV,MFD,4,0.0625
LAV,MID,66,1.03125
LAV,MNT,0,0
LAV,MOO,21,0.328125
LAV,MRO,12,0.1875
LAV,MRS,0,0
LAV,MSB,32,0.5
LAV,MTH,12,0.1875
LAV,NEK,7,0.109375
LAV,NGL,11,0.171875
LAV,NOF,6,0.09375
LAV,ORE,17,0.265625
LAV,PAR,8,0.125
LAV,PDS,44,0.6875
LAV,PIN,37,0.578125
LAV,PLA,41,0.640625
LAV,PLO,8,0.125
LAV,POR,46,0.71875
LAV,POY,26,0.40625
LAV,RAN,9,0.140625
LAV,REE,98,1.53125
LAV,RIO,4,0.0625
LAV,RKS,3,0.046875
LAV,ROM,4,0.0625
LAV,ROS,5,0.078125
LAV,SCA,0,0
LAV,SCL,0,0
LAV,SEQ,81,1.265625
LAV,SGR,25,0.390625
LAV,SKC,44,0.6875
LAV,SMB,36,0.5625
LAV,STO,24,0.375
LAV,STP,18,0.28125
LAV,SUN,52,0.8125
LAV,VER,74,1.15625
LAV,WAU,46,0.71875
LAV,WID,28,0.4375
LAV,WYO,1,0.015625
LAV,ZZZ,1,0.015625
LAV,UNDEF,0,0
LDI,ACL,17,0.265625
LDI,ALM,4,0.0625
LDI,ARP,0,0
LDI,BAR,76,1.1875
LDI,BER,9,0.140625
LDI,BLV,48,0.75
LDI,BRD,30,0.46875
LDI,CBR,27,0.421875
LDI,CIA,52,0.8125
LDI,COL,185,2.890625
LDI,CSP,52,0.8125
LDI,DCL,21,0.328125
LDI,DEE,19,0.296875
LDI,DFT,114,1.78125
LDI,FCH,181,2.828125
LDI,HAW,114,1.78125
LDI,HPB,202,3.15625
LDI,LAK,164,2.5625
LDI,LAV,5,0.078125
LDI,LDI,8386,131.03125
LDI,MAD,182,2.84375
LDI,MAR,22,0.34375
LDI,MAZ,15,0.234375
LDI,MCF,113,1.765625
LDI,MCM,97,1.515625
LDI,MEA,120,1.875
LDI,MFD,1,0.015625
LDI,MID,369,5.765625
LDI,MNT,3,0.046875
LDI,MOO,147,2.296875
LDI,MRO,70,1.09375
LDI,MRS,0,0
LDI,MSB,222,3.46875
LDI,MTH,99,1.546875
LDI,NEK,8,0.125
LDI,NGL,24,0.375
LDI,NOF,1,0.015625
LDI,ORE,128,2
LDI,PAR,57,0.890625
LDI,PDS,42,0.65625
LDI,PIN,320,5
LDI,PLA,17,0.265625
LDI,PLO,25,0.390625
LDI,POR,195,3.046875
LDI,POY,281,4.390625
LDI,RAN,47,0.734375
LDI,REE,56,0.875
LDI,RIO,7,0.109375
LDI,RKS,3,0.046875
LDI,ROM,3,0.046875
LDI,ROS,12,0.1875
LDI,SCA,1,0.015625
LDI,SCL,0,0
LDI,SEQ,398,6.21875
LDI,SGR,30,0.46875
LDI,SKC,44,0.6875
LDI,SMB,74,1.15625
LDI,STO,93,1.453125
LDI,STP,88,1.375
LDI,SUN,284,4.4375
LDI,VER,366,5.71875
LDI,WAU,146,2.28125
LDI,WID,167,2.609375
LDI,WYO,3,0.046875
LDI,ZZZ,5,0.078125
LDI,UNDEF,0,0
MAD,ACL,482,7.53125
MAD,ALM,60,0.9375
MAD,ARP,231,3.609375
MAD,BAR,1167,18.234375
MAD,BER,201,3.140625
MAD,BLV,298,4.65625
MAD,BRD,503,7.859375
MAD,CBR,427,6.671875
MAD,CIA,109,1.703125
MAD,COL,380,5.9375
MAD,CSP,383,5.984375
MAD,DCL,447,6.984375
MAD,DEE,293,4.578125
MAD,DFT,1121,17.515625
MAD,FCH,1868,29.1875
MAD,HAW,4748,74.1875
MAD,HPB,5258,82.15625
MAD,LAK,4362,68.15625
MAD,LAV,59,0.921875
MAD,LDI,590,9.21875
MAD,MAD,55954,874.28125
MAD,MAR,149,2.328125
MAD,MAZ,201,3.140625
MAD,MCF,817,12.765625
MAD,MCM,2296,35.875
MAD,MEA,3494,54.59375
MAD,MFD,108,1.6875
MAD,MID,3845,60.078125
MAD,MNT,94,1.46875
MAD,MOO,1614,25.21875
MAD,MRO,1053,16.453125
MAD,MRS,20,0.3125
MAD,MSB,2956,46.1875
MAD,MTH,919,14.359375
MAD,NEK,178,2.78125
MAD,NGL,491,7.671875
MAD,NOF,124,1.9375
MAD,ORE,1212,18.9375
MAD,PAR,141,2.203125
MAD,PDS,764,11.9375
MAD,PIN,8519,133.109375
MAD,PLA,151,2.359375
MAD,PLO,687,10.734375
MAD,POR,598,9.34375
MAD,POY,365,5.703125
MAD,RAN,62,0.96875
MAD,REE,839,13.109375
MAD,RIO,65,1.015625
MAD,RKS,37,0.578125
MAD,ROM,174,2.71875
MAD,ROS,236,3.6875
MAD,SCA,35,0.546875
MAD,SCL,0,0
MAD,SEQ,9018,140.90625
MAD,SGR,550,8.59375
MAD,SKC,581,9.078125
MAD,SMB,2148,33.5625
MAD,STO,1429,22.328125
MAD,STP,2922,45.65625
MAD,SUN,2688,42
MAD,VER,2730,42.65625
MAD,WAU,1162,18.15625
MAD,WID,450,7.03125
MAD,WYO,20,0.3125
MAD,ZZZ,221,3.453125
MAD,UNDEF,0,0
MAR,ACL,21,0.328125
MAR,ALM,5,0.078125
MAR,ARP,3,0.046875
MAR,BAR,81,1.265625
MAR,BER,26,0.40625
MAR,BLV,61,0.953125
MAR,BRD,19,0.296875
MAR,CBR,29,0.453125
MAR,CIA,6,0.09375
MAR,COL,18,0.28125
MAR,CSP,48,0.75
MAR,DCL,40,0.625
MAR,DEE,43,0.671875
MAR,DFT,93,1.453125
MAR,FCH,142,2.21875
MAR,HAW,94,1.46875
MAR,HPB,143,2.234375
MAR,LAK,106,1.65625
MAR,LAV,6,0.09375
MAR,LDI,32,0.5
MAR,MAD,145,2.265625
MAR,MAR,4350,67.96875
MAR,MAZ,34,0.53125
MAR,MCF,63,0.984375
MAR,MCM,84,1.3125
MAR,MEA,73,1.140625
MAR,MFD,4,0.0625
MAR,MID,232,3.625
MAR,MNT,3,0.046875
MAR,MOO,185,2.890625
MAR,MRO,61,0.953125
MAR,MRS,1,0.015625
MAR,MSB,48,0.75
MAR,MTH,60,0.9375
MAR,NEK,4,0.0625
MAR,NGL,15,0.234375
MAR,NOF,3,0.046875
MAR,ORE,295,4.609375
MAR,PAR,8,0.125
MAR,PDS,45,0.703125
MAR,PIN,172,2.6875
MAR,PLA,7,0.109375
MAR,PLO,34,0.53125
MAR,POR,28,0.4375
MAR,POY,31,0.484375
MAR,RAN,4,0.0625
MAR,REE,34,0.53125
MAR,RIO,7,0.109375
MAR,RKS,0,0
MAR,ROM,10,0.15625
MAR,ROS,7,0.109375
MAR,SCA,0,0
MAR,SCL,0,0
MAR,SEQ,275,4.296875
MAR,SGR,14,0.21875
MAR,SKC,28,0.4375
MAR,SMB,39,0.609375
MAR,STO,46,0.71875
MAR,STP,102,1.59375
MAR,SUN,179,2.796875
MAR,VER,188,2.9375
MAR,WAU,106,1.65625
MAR,WID,20,0.3125
MAR,WYO,2,0.03125
MAR,ZZZ,4,0.0625
MAR,UNDEF,0,0
MAZ,ACL,18,0.28125
MAZ,ALM,4,0.0625
MAZ,ARP,4,0.0625
MAZ,BAR,24,0.375
MAZ,BER,12,0.1875
MAZ,BLV,18,0.28125
MAZ,BRD,12,0.1875
MAZ,CBR,11,0.171875
MAZ,CIA,3,0.046875
MAZ,COL,32,0.5
MAZ,CSP,28,0.4375
MAZ,DCL,20,0.3125
MAZ,DEE,30,0.46875
MAZ,DFT,36,0.5625
MAZ,FCH,238,3.71875
MAZ,HAW,53,0.828125
MAZ,HPB,96,1.5
MAZ,LAK,95,1.484375
MAZ,LAV,0,0
MAZ,LDI,9,0.140625
MAZ,MAD,81,1.265625
MAZ,MAR,18,0.28125
MAZ,MAZ,2304,36
MAZ,MCF,122,1.90625
MAZ,MCM,41,0.640625
MAZ,MEA,69,1.078125
MAZ,MFD,2,0.03125
MAZ,MID,310,4.84375
MAZ,MNT,1,0.015625
MAZ,MOO,83,1.296875
MAZ,MRO,43,0.671875
MAZ,MRS,0,0
MAZ,MSB,20,0.3125
MAZ,MTH,88,1.375
MAZ,NEK,3,0.046875
MAZ,NGL,10,0.15625
MAZ,NOF,0,0
MAZ,ORE,84,1.3125
MAZ,PAR,5,0.078125
MAZ,PDS,20,0.3125
MAZ,PIN,126,1.96875
MAZ,PLA,4,0.0625
MAZ,PLO,15,0.234375
MAZ,POR,15,0.234375
MAZ,POY,17,0.265625
MAZ,RAN,4,0.0625
MAZ,REE,26,0.40625
MAZ,RIO,3,0.046875
MAZ,RKS,6,0.09375
MAZ,ROM,8,0.125
MAZ,ROS,10,0.15625
MAZ,SCA,0,0
MAZ,SCL,0,0
MAZ,SEQ,204,3.1875
MAZ,SGR,14,0.21875
MAZ,SKC,7,0.109375
MAZ,SMB,16,0.25
MAZ,STO,123,1.921875
MAZ,STP,46,0.71875
MAZ,SUN,282,4.40625
MAZ,VER,246,3.84375
MAZ,WAU,333,5.203125
MAZ,WID,13,0.203125
MAZ,WYO,1,0.015625
MAZ,ZZZ,0,0
MAZ,UNDEF,0,0
MCF,ACL,44,0.6875
MCF,ALM,18,0.28125
MCF,ARP,31,0.484375
MCF,BAR,181,2.828125
MCF,BER,65,1.015625
MCF,BLV,146,2.28125
MCF,BRD,57,0.890625
MCF,CBR,81,1.265625
MCF,CIA,27,0.421875
MCF,COL,71,1.109375
MCF,CSP,207,3.234375
MCF,DCL,87,1.359375
MCF,DEE,112,1.75
MCF,DFT,413,6.453125
MCF,FCH,506,7.90625
MCF,HAW,382,5.96875
MCF,HPB,538,8.40625
MCF,LAK,413,6.453125
MCF,LAV,17,0.265625
MCF,LDI,66,1.03125
MCF,MAD,520,8.125
MCF,MAR,80,1.25
MCF,MAZ,58,0.90625
MCF,MCF,29492,460.8125
MCF,MCM,182,2.84375
MCF,MEA,284,4.4375
MCF,MFD,13,0.203125
MCF,MID,2378,37.15625
MCF,MNT,12,0.1875
MCF,MOO,524,8.1875
MCF,MRO,147,2.296875
MCF,MRS,4,0.0625
MCF,MSB,173,2.703125
MCF,MTH,462,7.21875
MCF,NEK,25,0.390625
MCF,NGL,59,0.921875
MCF,NOF,6,0.09375
MCF,ORE,610,9.53125
MCF,PAR,18,0.28125
MCF,PDS,80,1.25
MCF,PIN,687,10.734375
MCF,PLA,26,0.40625
MCF,PLO,87,1.359375
MCF,POR,95,1.484375
MCF,POY,40,0.625
MCF,RAN,10,0.15625
MCF,REE,165,2.578125
MCF,RIO,6,0.09375
MCF,RKS,7,0.109375
MCF,ROM,27,0.421875
MCF,ROS,41,0.640625
MCF,SCA,0,0
MCF,SCL,0,0
MCF,SEQ,1134,17.71875
MCF,SGR,68,1.0625
MCF,SKC,86,1.34375
MCF,SMB,188,2.9375
MCF,STO,643,10.046875
MCF,STP,294,4.59375
MCF,SUN,2489,38.890625
MCF,VER,2144,33.5
MCF,WAU,481,7.515625
MCF,WID,52,0.8125
MCF,WYO,0,0
MCF,ZZZ,10,0.15625
MCF,UNDEF,0,0
MCM,ACL,578,9.03125
MCM,ALM,11,0.171875
MCM,ARP,274,4.28125
MCM,BAR,996,15.5625
MCM,BER,43,0.671875
MCM,BLV,140,2.1875
MCM,BRD,389,6.078125
MCM,CBR,62,0.96875
MCM,CIA,71,1.109375
MCM,COL,260,4.0625
MCM,CSP,133,2.078125
MCM,DCL,149,2.328125
MCM,DEE,105,1.640625
MCM,DFT,283,4.421875
MCM,FCH,473,7.390625
MCM,HAW,403,6.296875
MCM,HPB,596,9.3125
MCM,LAK,496,7.75
MCM,LAV,50,0.78125
MCM,LDI,308,4.8125
MCM,MAD,727,11.359375
MCM,MAR,60,0.9375
MCM,MAZ,53,0.828125
MCM,MCF,237,3.703125
MCM,MCM,40330,630.15625
MCM,MEA,390,6.09375
MCM,MFD,118,1.84375
MCM,MID,1031,16.109375
MCM,MNT,89,1.390625
MCM,MOO,390,6.09375
MCM,MRO,1095,17.109375
MCM,MRS,7,0.109375
MCM,MSB,488,7.625
MCM,MTH,252,3.9375
MCM,NEK,234,3.65625
MCM,NGL,389,6.078125
MCM,NOF,121,1.890625
MCM,ORE,381,5.953125
MCM,PAR,82,1.28125
MCM,PDS,418,6.53125
MCM,PIN,911,14.234375
MCM,PLA,139,2.171875
MCM,PLO,111,1.734375
MCM,POR,376,5.875
MCM,POY,193,3.015625
MCM,RAN,59,0.921875
MCM,REE,610,9.53125
MCM,RIO,19,0.296875
MCM,RKS,21,0.328125
MCM,ROM,201,3.140625
MCM,ROS,39,0.609375
MCM,SCA,0,0
MCM,SCL,0,0
MCM,SEQ,1197,18.703125
MCM,SGR,328,5.125
MCM,SKC,381,5.953125
MCM,SMB,180,2.8125
MCM,STO,351,5.484375
MCM,STP,408,6.375
MCM,SUN,794,12.40625
MCM,VER,818,12.78125
MCM,WAU,370,5.78125
MCM,WID,180,2.8125
MCM,WYO,21,0.328125
MCM,ZZZ,22,0.34375
MCM,UNDEF,0,0
MEA,ACL,42,0.65625
MEA,ALM,3,0.046875
MEA,ARP,10,0.15625
MEA,BAR,114,1.78125
MEA,BER,33,0.515625
MEA,BLV,52,0.8125
MEA,BRD,52,0.8125
MEA,CBR,59,0.921875
MEA,CIA,12,0.1875
MEA,COL,42,0.65625
MEA,CSP,38,0.59375
MEA,DCL,51,0.796875
MEA,DEE,35,0.546875
MEA,DFT,148,2.3125
MEA,FCH,266,4.15625
MEA,HAW,489,7.640625
MEA,HPB,1016,15.875
MEA,LAK,341,5.328125
MEA,LAV,14,0.21875
MEA,LDI,74,1.15625
MEA,MAD,1035,16.171875
MEA,MAR,18,0.28125
MEA,MAZ,28,0.4375
MEA,MCF,135,2.109375
MEA,MCM,241,3.765625
MEA,MEA,16366,255.71875
MEA,MFD,11,0.171875
MEA,MID,590,9.21875
MEA,MNT,11,0.171875
MEA,MOO,197,3.078125
MEA,MRO,118,1.84375
MEA,MRS,3,0.046875
MEA,MSB,925,14.453125
MEA,MTH,124,1.9375
MEA,NEK,16,0.25
MEA,NGL,64,1
MEA,NOF,11,0.171875
MEA,ORE,187,2.921875
MEA,PAR,21,0.328125
MEA,PDS,108,1.6875
MEA,PIN,934,14.59375
MEA,PLA,23,0.359375
MEA,PLO,58,0.90625
MEA,POR,95,1.484375
MEA,POY,38,0.59375
MEA,RAN,11,0.171875
MEA,REE,113,1.765625
MEA,RIO,5,0.078125
MEA,RKS,4,0.0625
MEA,ROM,13,0.203125
MEA,ROS,24,0.375
MEA,SCA,1,0.015625
MEA,SCL,0,0
MEA,SEQ,1860,29.0625
MEA,SGR,49,0.765625
MEA,SKC,76,1.1875
MEA,SMB,474,7.40625
MEA,STO,157,2.453125
MEA,STP,349,5.453125
MEA,SUN,396,6.1875
MEA,VER,533,8.328125
MEA,WAU,213,3.328125
MEA,WID,41,0.640625
MEA,WYO,1,0.015625
MEA,ZZZ,30,0.46875
MEA,UNDEF,0,0
MFD,ACL,36,0.5625
MFD,ALM,5,0.078125
MFD,ARP,3,0.046875
MFD,BAR,56,0.875
MFD,BER,10,0.15625
MFD,BLV,21,0.328125
MFD,BRD,23,0.359375
MFD,CBR,20,0.3125
MFD,CIA,4,0.0625
MFD,COL,20,0.3125
MFD,CSP,29,0.453125
MFD,DCL,20,0.3125
MFD,DEE,33,0.515625
MFD,DFT,74,1.15625
MFD,FCH,91,1.421875
MFD,HAW,79,1.234375
MFD,HPB,112,1.75
MFD,LAK,108,1.6875
MFD,LAV,5,0.078125
MFD,LDI,33,0.515625
MFD,MAD,105,1.640625
MFD,MAR,7,0.109375
MFD,MAZ,14,0.21875
MFD,MCF,50,0.78125
MFD,MCM,96,1.5
MFD,MEA,92,1.4375
MFD,MFD,8149,127.328125
MFD,MID,220,3.4375
MFD,MNT,13,0.203125
MFD,MOO,78,1.21875
MFD,MRO,68,1.0625
MFD,MRS,1,0.015625
MFD,MSB,41,0.640625
MFD,MTH,64,1
MFD,NEK,14,0.21875
MFD,NGL,26,0.40625
MFD,NOF,6,0.09375
MFD,ORE,81,1.265625
MFD,PAR,9,0.140625
MFD,PDS,42,0.65625
MFD,PIN,220,3.4375
MFD,PLA,7,0.109375
MFD,PLO,30,0.46875
MFD,POR,49,0.765625
MFD,POY,28,0.4375
MFD,RAN,5,0.078125
MFD,REE,63,0.984375
MFD,RIO,4,0.0625
MFD,RKS,5,0.078125
MFD,ROM,16,0.25
MFD,ROS,8,0.125
MFD,SCA,1,0.015625
MFD,SCL,0,0
MFD,SEQ,227,3.546875
MFD,SGR,26,0.40625
MFD,SKC,39,0.609375
MFD,SMB,35,0.546875
MFD,STO,73,1.140625
MFD,STP,58,0.90625
MFD,SUN,160,2.5
MFD,VER,200,3.125
MFD,WAU,95,1.484375
MFD,WID,20,0.3125
MFD,WYO,3,0.046875
MFD,ZZZ,4,0.0625
MFD,UNDEF,0,0
MID,ACL,131,2.046875
MID,ALM,6,0.09375
MID,ARP,53,0.828125
MID,BAR,318,4.96875
MID,BER,75,1.171875
MID,BLV,204,3.1875
MID,BRD,120,1.875
MID,CBR,131,2.046875
MID,CIA,43,0.671875
MID,COL,114,1.78125
MID,CSP,250,3.90625
MID,DCL,223,3.484375
MID,DEE,179,2.796875
MID,DFT,525,8.203125
MID,FCH,954,14.90625
MID,HAW,849,13.265625
MID,HPB,1106,17.28125
MID,LAK,810,12.65625
MID,LAV,17,0.265625
MID,LDI,157,2.453125
MID,MAD,1211,18.921875
MID,MAR,152,2.375
MID,MAZ,65,1.015625
MID,MCF,429,6.703125
MID,MCM,444,6.9375
MID,MEA,639,9.984375
MID,MFD,22,0.34375
MID,MID,96795,1512.421875
MID,MNT,14,0.21875
MID,MOO,1043,16.296875
MID,MRO,261,4.078125
MID,MRS,7,0.109375
MID,MSB,384,6
MID,MTH,853,13.328125
MID,NEK,58,0.90625
MID,NGL,120,1.875
MID,NOF,27,0.421875
MID,ORE,1026,16.03125
MID,PAR,26,0.40625
MID,PDS,262,4.09375
MID,PIN,1596,24.9375
MID,PLA,61,0.953125
MID,PLO,131,2.046875
MID,POR,176,2.75
MID,POY,78,1.21875
MID,RAN,22,0.34375
MID,REE,229,3.578125
MID,RIO,13,0.203125
MID,RKS,12,0.1875
MID,ROM,40,0.625
MID,ROS,71,1.109375
MID,SCA,9,0.140625
MID,SCL,0,0
MID,SEQ,2207,34.484375
MID,SGR,126,1.96875
MID,SKC,140,2.1875
MID,SMB,395,6.171875
MID,STO,1203,18.796875
MID,STP,560,8.75
MID,SUN,3284,51.3125
MID,VER,4158,64.96875
MID,WAU,778,12.15625
MID,WID,133,2.078125
MID,WYO,13,0.203125
MID,ZZZ,52,0.8125
MID,UNDEF,0,0
MNT,ACL,7,0.109375
MNT,ALM,0,0
MNT,ARP,0,0
MNT,BAR,87,1.359375
MNT,BER,5,0.078125
MNT,BLV,10,0.15625
MNT,BRD,93,1.453125
MNT,CBR,22,0.34375
MNT,CIA,6,0.09375
MNT,COL,32,0.5
MNT,CSP,13,0.203125
MNT,DCL,23,0.359375
MNT,DEE,8,0.125
MNT,DFT,41,0.640625
MNT,FCH,65,1.015625
MNT,HAW,48,0.75
MNT,HPB,74,1.15625
MNT,LAK,56,0.875
MNT,LAV,3,0.046875
MNT,LDI,36,0.5625
MNT,MAD,59,0.921875
MNT,MAR,11,0.171875
MNT,MAZ,7,0.109375
MNT,MCF,32,0.5
MNT,MCM,23,0.359375
MNT,MEA,67,1.046875
MNT,MFD,1,0.015625
MNT,MID,165,2.578125
MNT,MNT,2602,40.65625
MNT,MOO,58,0.90625
MNT,MRO,361,5.640625
MNT,MRS,0,0
MNT,MSB,44,0.6875
MNT,MTH,29,0.453125
MNT,NEK,3,0.046875
MNT,NGL,183,2.859375
MNT,NOF,5,0.078125
MNT,ORE,38,0.59375
MNT,PAR,2,0.03125
MNT,PDS,34,0.53125
MNT,PIN,108,1.6875
MNT,PLA,14,0.21875
MNT,PLO,12,0.1875
MNT,POR,41,0.640625
MNT,POY,23,0.359375
MNT,RAN,3,0.046875
MNT,REE,99,1.546875
MNT,RIO,4,0.0625
MNT,RKS,3,0.046875
MNT,ROM,4,0.0625
MNT,ROS,6,0.09375
MNT,SCA,0,0
MNT,SCL,0,0
MNT,SEQ,136,2.125
MNT,SGR,62,0.96875
MNT,SKC,79,1.234375
MNT,SMB,19,0.296875
MNT,STO,36,0.5625
MNT,STP,45,0.703125
MNT,SUN,114,1.78125
MNT,VER,95,1.484375
MNT,WAU,44,0.6875
MNT,WID,31,0.484375
MNT,WYO,0,0
MNT,ZZZ,0,0
MNT,UNDEF,0,0
MOO,ACL,56,0.875
MOO,ALM,3,0.046875
MOO,ARP,14,0.21875
MOO,BAR,204,3.1875
MOO,BER,155,2.421875
MOO,BLV,329,5.140625
MOO,BRD,57,0.890625
MOO,CBR,114,1.78125
MOO,CIA,29,0.453125
MOO,COL,65,1.015625
MOO,CSP,313,4.890625
MOO,DCL,196,3.0625
MOO,DEE,130,2.03125
MOO,DFT,526,8.21875
MOO,FCH,1168,18.25
MOO,HAW,686,10.71875
MOO,HPB,743,11.609375
MOO,LAK,641,10.015625
MOO,LAV,7,0.109375
MOO,LDI,80,1.25
MOO,MAD,910,14.21875
MOO,MAR,53,0.828125
MOO,MAZ,61,0.953125
MOO,MCF,461,7.203125
MOO,MCM,206,3.21875
MOO,MEA,505,7.890625
MOO,MFD,13,0.203125
MOO,MID,1180,18.4375
MOO,MNT,10,0.15625
MOO,MOO,27139,424.046875
MOO,MRO,111,1.734375
MOO,MRS,13,0.203125
MOO,MSB,200,3.125
MOO,MTH,258,4.03125
MOO,NEK,18,0.28125
MOO,NGL,79,1.234375
MOO,NOF,5,0.078125
MOO,ORE,364,5.6875
MOO,PAR,20,0.3125
MOO,PDS,85,1.328125
MOO,PIN,1174,18.34375
MOO,PLA,14,0.21875
MOO,PLO,84,1.3125
MOO,POR,99,1.546875
MOO,POY,53,0.828125
MOO,RAN,12,0.1875
MOO,REE,111,1.734375
MOO,RIO,8,0.125
MOO,RKS,6,0.09375
MOO,ROM,19,0.296875
MOO,ROS,28,0.4375
MOO,SCA,6,0.09375
MOO,SCL,0,0
MOO,SEQ,1734,27.09375
MOO,SGR,74,1.15625
MOO,SKC,62,0.96875
MOO,SMB,261,4.078125
MOO,STO,332,5.1875
MOO,STP,382,5.96875
MOO,SUN,1060,16.5625
MOO,VER,994,15.53125
MOO,WAU,1444,22.5625
MOO,WID,60,0.9375
MOO,WYO,2,0.03125
MOO,ZZZ,15,0.234375
MOO,UNDEF,0,0
MRO,ACL,58,0.90625
MRO,ALM,5,0.078125
MRO,ARP,8,0.125
MRO,BAR,563,8.796875
MRO,BER,47,0.734375
MRO,BLV,75,1.171875
MRO,BRD,585,9.140625
MRO,CBR,31,0.484375
MRO,CIA,162,2.53125
MRO,COL,178,2.78125
MRO,CSP,70,1.09375
MRO,DCL,65,1.015625
MRO,DEE,49,0.765625
MRO,DFT,183,2.859375
MRO,FCH,370,5.78125
MRO,HAW,253,3.953125
MRO,HPB,382,5.96875
MRO,LAK,299,4.671875
MRO,LAV,29,0.453125
MRO,LDI,224,3.5
MRO,MAD,365,5.703125
MRO,MAR,40,0.625
MRO,MAZ,36,0.5625
MRO,MCF,151,2.359375
MRO,MCM,172,2.6875
MRO,MEA,237,3.703125
MRO,MFD,5,0.078125
MRO,MID,667,10.421875
MRO,MNT,107,1.671875
MRO,MOO,202,3.15625
MRO,MRO,20005,312.578125
MRO,MRS,0,0
MRO,MSB,253,3.953125
MRO,MTH,175,2.734375
MRO,NEK,29,0.453125
MRO,NGL,437,6.828125
MRO,NOF,42,0.65625
MRO,ORE,228,3.5625
MRO,PAR,46,0.71875
MRO,PDS,294,4.59375
MRO,PIN,578,9.03125
MRO,PLA,69,1.078125
MRO,PLO,40,0.625
MRO,POR,252,3.9375
MRO,POY,146,2.28125
MRO,RAN,37,0.578125
MRO,REE,432,6.75
MRO,RIO,17,0.265625
MRO,RKS,24,0.375
MRO,ROM,30,0.46875
MRO,ROS,27,0.421875
MRO,SCA,0,0
MRO,SCL,0,0
MRO,SEQ,656,10.25
MRO,SGR,190,2.96875
MRO,SKC,279,4.359375
MRO,SMB,102,1.59375
MRO,STO,228,3.5625
MRO,STP,205,3.203125
MRO,SUN,540,8.4375
MRO,VER,526,8.21875
MRO,WAU,239,3.734375
MRO,WID,152,2.375
MRO,WYO,7,0.109375
MRO,ZZZ,15,0.234375
MRO,UNDEF,0,0
MRS,ACL,7,0.109375
MRS,ALM,0,0
MRS,ARP,0,0
MRS,BAR,1,0.015625
MRS,BER,0,0
MRS,BLV,3,0.046875
MRS,BRD,0,0
MRS,CBR,0,0
MRS,CIA,0,0
MRS,COL,1,0.015625
MRS,CSP,4,0.0625
MRS,DCL,461,7.203125
MRS,DEE,5,0.078125
MRS,DFT,7,0.109375
MRS,FCH,12,0.1875
MRS,HAW,35,0.546875
MRS,HPB,17,0.265625
MRS,LAK,18,0.28125
MRS,LAV,0,0
MRS,LDI,1,0.015625
MRS,MAD,12,0.1875
MRS,MAR,1,0.015625
MRS,MAZ,1,0.015625
MRS,MCF,3,0.046875
MRS,MCM,2,0.03125
MRS,MEA,13,0.203125
MRS,MFD,0,0
MRS,MID,14,0.21875
MRS,MNT,0,0
MRS,MOO,13,0.203125
MRS,MRO,2,0.03125
MRS,MRS,706,11.03125
MRS,MSB,13,0.203125
MRS,MTH,5,0.078125
MRS,NEK,0,0
MRS,NGL,1,0.015625
MRS,NOF,0,0
MRS,ORE,17,0.265625
MRS,PAR,0,0
MRS,PDS,0,0
MRS,PIN,18,0.28125
MRS,PLA,0,0
MRS,PLO,5,0.078125
MRS,POR,0,0
MRS,POY,2,0.03125
MRS,RAN,0,0
MRS,REE,4,0.0625
MRS,RIO,0,0
MRS,RKS,0,0
MRS,ROM,2,0.03125
MRS,ROS,0,0
MRS,SCA,1,0.015625
MRS,SCL,0,0
MRS,SEQ,35,0.546875
MRS,SGR,1,0.015625
MRS,SKC,2,0.03125
MRS,SMB,10,0.15625
MRS,STO,5,0.078125
MRS,STP,14,0.21875
MRS,SUN,18,0.28125
MRS,VER,14,0.21875
MRS,WAU,16,0.25
MRS,WID,1,0.015625
MRS,WYO,0,0
MRS,ZZZ,0,0
MRS,UNDEF,0,0
MSB,ACL,11,0.171875
MSB,ALM,2,0.03125
MSB,ARP,3,0.046875
MSB,BAR,63,0.984375
MSB,BER,23,0.359375
MSB,BLV,29,0.453125
MSB,BRD,9,0.140625
MSB,CBR,21,0.328125
MSB,CIA,11,0.171875
MSB,COL,25,0.390625
MSB,CSP,44,0.6875
MSB,DCL,50,0.78125
MSB,DEE,33,0.515625
MSB,DFT,117,1.828125
MSB,FCH,149,2.328125
MSB,HAW,100,1.5625
MSB,HPB,150,2.34375
MSB,LAK,154,2.40625
MSB,LAV,3,0.046875
MSB,LDI,20,0.3125
MSB,MAD,364,5.6875
MSB,MAR,6,0.09375
MSB,MAZ,15,0.234375
MSB,MCF,75,1.171875
MSB,MCM,55,0.859375
MSB,MEA,105,1.640625
MSB,MFD,1,0.015625
MSB,MID,369,5.765625
MSB,MNT,0,0
MSB,MOO,138,2.15625
MSB,MRO,38,0.59375
MSB,MRS,0,0
MSB,MSB,9808,153.25
MSB,MTH,81,1.265625
MSB,NEK,3,0.046875
MSB,NGL,16,0.25
MSB,NOF,4,0.0625
MSB,ORE,105,1.640625
MSB,PAR,4,0.0625
MSB,PDS,57,0.890625
MSB,PIN,221,3.453125
MSB,PLA,12,0.1875
MSB,PLO,11,0.171875
MSB,POR,29,0.453125
MSB,POY,15,0.234375
MSB,RAN,2,0.03125
MSB,REE,46,0.71875
MSB,RIO,4,0.0625
MSB,RKS,2,0.03125
MSB,ROM,5,0.078125
MSB,ROS,5,0.078125
MSB,SCA,1,0.015625
MSB,SCL,0,0
MSB,SEQ,351,5.484375
MSB,SGR,29,0.453125
MSB,SKC,23,0.359375
MSB,SMB,56,0.875
MSB,STO,87,1.359375
MSB,STP,78,1.21875
MSB,SUN,218,3.40625
MSB,VER,271,4.234375
MSB,WAU,133,2.078125
MSB,WID,11,0.171875
MSB,WYO,0,0
MSB,ZZZ,9,0.140625
MSB,UNDEF,0,0
MTH,ACL,65,1.015625
MTH,ALM,7,0.109375
MTH,ARP,17,0.265625
MTH,BAR,214,3.34375
MTH,BER,228,3.5625
MTH,BLV,246,3.84375
MTH,BRD,56,0.875
MTH,CBR,129,2.015625
MTH,CIA,28,0.4375
MTH,COL,64,1
MTH,CSP,287,4.484375
MTH,DCL,192,3
MTH,DEE,166,2.59375
MTH,DFT,427,6.671875
MTH,FCH,639,9.984375
MTH,HAW,566,8.84375
MTH,HPB,737,11.515625
MTH,LAK,523,8.171875
MTH,LAV,12,0.1875
MTH,LDI,71,1.109375
MTH,MAD,699,10.921875
MTH,MAR,293,4.578125
MTH,MAZ,89,1.390625
MTH,MCF,319,4.984375
MTH,MCM,337,5.265625
MTH,MEA,443,6.921875
MTH,MFD,31,0.484375
MTH,MID,867,13.546875
MTH,MNT,22,0.34375
MTH,MOO,1087,16.984375
MTH,MRO,197,3.078125
MTH,MRS,5,0.078125
MTH,MSB,186,2.90625
MTH,MTH,25923,405.046875
MTH,NEK,32,0.5
MTH,NGL,90,1.40625
MTH,NOF,14,0.21875
MTH,ORE,1326,20.71875
MTH,PAR,21,0.328125
MTH,PDS,140,2.1875
MTH,PIN,1007,15.734375
MTH,PLA,28,0.4375
MTH,PLO,107,1.671875
MTH,POR,97,1.515625
MTH,POY,87,1.359375
MTH,RAN,34,0.53125
MTH,REE,146,2.28125
MTH,RIO,9,0.140625
MTH,RKS,8,0.125
MTH,ROM,19,0.296875
MTH,ROS,44,0.6875
MTH,SCA,0,0
MTH,SCL,0,0
MTH,SEQ,1570,24.53125
MTH,SGR,62,0.96875
MTH,SKC,79,1.234375
MTH,SMB,208,3.25
MTH,STO,332,5.1875
MTH,STP,373,5.828125
MTH,SUN,792,12.375
MTH,VER,739,11.546875
MTH,WAU,558,8.71875
MTH,WID,46,0.71875
MTH,WYO,2,0.03125
MTH,ZZZ,12,0.1875
MTH,UNDEF,0,0
NEK,ACL,103,1.609375
NEK,ALM,0,0
NEK,ARP,57,0.890625
NEK,BAR,122,1.90625
NEK,BER,3,0.046875
NEK,BLV,11,0.171875
NEK,BRD,62,0.96875
NEK,CBR,15,0.234375
NEK,CIA,19,0.296875
NEK,COL,11,0.171875
NEK,CSP,27,0.421875
NEK,DCL,25,0.390625
NEK,DEE,10,0.15625
NEK,DFT,87,1.359375
NEK,FCH,85,1.328125
NEK,HAW,38,0.59375
NEK,HPB,80,1.25
NEK,LAK,82,1.28125
NEK,LAV,4,0.0625
NEK,LDI,40,0.625
NEK,MAD,72,1.125
NEK,MAR,22,0.34375
NEK,MAZ,8,0.125
NEK,MCF,56,0.875
NEK,MCM,789,12.328125
NEK,MEA,44,0.6875
NEK,MFD,47,0.734375
NEK,MID,160,2.5
NEK,MNT,6,0.09375
NEK,MOO,60,0.9375
NEK,MRO,181,2.828125
NEK,MRS,0,0
NEK,MSB,68,1.0625
NEK,MTH,36,0.5625
NEK,NEK,4806,75.09375
NEK,NGL,47,0.734375
NEK,NOF,15,0.234375
NEK,ORE,69,1.078125
NEK,PAR,12,0.1875
NEK,PDS,46,0.71875
NEK,PIN,151,2.359375
NEK,PLA,4,0.0625
NEK,PLO,31,0.484375
NEK,POR,73,1.140625
NEK,POY,23,0.359375
NEK,RAN,8,0.125
NEK,REE,127,1.984375
NEK,RIO,7,0.109375
NEK,RKS,5,0.078125
NEK,ROM,40,0.625
NEK,ROS,6,0.09375
NEK,SCA,0,0
NEK,SCL,0,0
NEK,SEQ,205,3.203125
NEK,SGR,26,0.40625
NEK,SKC,44,0.6875
NEK,SMB,21,0.328125
NEK,STO,46,0.71875
NEK,STP,58,0.90625
NEK,SUN,140,2.1875
NEK,VER,170,2.65625
NEK,WAU,78,1.21875
NEK,WID,30,0.46875
NEK,WYO,2,0.03125
NEK,ZZZ,3,0.046875
NEK,UNDEF,0,0
NGL,ACL,18,0.28125
NGL,ALM,5,0.078125
NGL,ARP,2,0.03125
NGL,BAR,215,3.359375
NGL,BER,5,0.078125
NGL,BLV,40,0.625
NGL,BRD,125,1.953125
NGL,CBR,24,0.375
NGL,CIA,37,0.578125
NGL,COL,47,0.734375
NGL,CSP,21,0.328125
NGL,DCL,25,0.390625
NGL,DEE,22,0.34375
NGL,DFT,65,1.015625
NGL,FCH,118,1.84375
NGL,HAW,85,1.328125
NGL,HPB,111,1.734375
NGL,LAK,102,1.59375
NGL,LAV,13,0.203125
NGL,LDI,56,0.875
NGL,MAD,147,2.296875
NGL,MAR,18,0.28125
NGL,MAZ,9,0.140625
NGL,MCF,55,0.859375
NGL,MCM,55,0.859375
NGL,MEA,58,0.90625
NGL,MFD,4,0.0625
NGL,MID,221,3.453125
NGL,MNT,32,0.5
NGL,MOO,113,1.765625
NGL,MRO,512,8
NGL,MRS,0,0
NGL,MSB,106,1.65625
NGL,MTH,58,0.90625
NGL,NEK,7,0.109375
NGL,NGL,3280,51.25
NGL,NOF,11,0.171875
NGL,ORE,82,1.28125
NGL,PAR,22,0.34375
NGL,PDS,118,1.84375
NGL,PIN,206,3.21875
NGL,PLA,17,0.265625
NGL,PLO,23,0.359375
NGL,POR,98,1.53125
NGL,POY,45,0.703125
NGL,RAN,14,0.21875
NGL,REE,143,2.234375
NGL,RIO,5,0.078125
NGL,RKS,5,0.078125
NGL,ROM,13,0.203125
NGL,ROS,8,0.125
NGL,SCA,2,0.03125
NGL,SCL,0,0
NGL,SEQ,256,4
NGL,SGR,53,0.828125
NGL,SKC,81,1.265625
NGL,SMB,29,0.453125
NGL,STO,59,0.921875
NGL,STP,87,1.359375
NGL,SUN,179,2.796875
NGL,VER,176,2.75
NGL,WAU,110,1.71875
NGL,WID,33,0.515625
NGL,WYO,0,0
NGL,ZZZ,7,0.109375
NGL,UNDEF,0,0
NOF,ACL,11,0.171875
NOF,ALM,1,0.015625
NOF,ARP,2,0.03125
NOF,BAR,94,1.46875
NOF,BER,12,0.1875
NOF,BLV,19,0.296875
NOF,BRD,2,0.03125
NOF,CBR,5,0.078125
NOF,CIA,20,0.3125
NOF,COL,35,0.546875
NOF,CSP,17,0.265625
NOF,DCL,8,0.125
NOF,DEE,11,0.171875
NOF,DFT,34,0.53125
NOF,FCH,21,0.328125
NOF,HAW,51,0.796875
NOF,HPB,43,0.671875
NOF,LAK,46,0.71875
NOF,LAV,11,0.171875
NOF,LDI,30,0.46875
NOF,MAD,78,1.21875
NOF,MAR,7,0.109375
NOF,MAZ,33,0.515625
NOF,MCF,26,0.40625
NOF,MCM,68,1.0625
NOF,MEA,32,0.5
NOF,MFD,0,0
NOF,MID,97,1.515625
NOF,MNT,1,0.015625
NOF,MOO,27,0.421875
NOF,MRO,36,0.5625
NOF,MRS,0,0
NOF,MSB,30,0.46875
NOF,MTH,51,0.796875
NOF,NEK,2,0.03125
NOF,NGL,8,0.125
NOF,NOF,1765,27.578125
NOF,ORE,31,0.484375
NOF,PAR,5,0.078125
NOF,PDS,67,1.046875
NOF,PIN,97,1.515625
NOF,PLA,33,0.515625
NOF,PLO,11,0.171875
NOF,POR,56,0.875
NOF,POY,29,0.453125
NOF,RAN,8,0.125
NOF,REE,290,4.53125
NOF,RIO,1,0.015625
NOF,RKS,12,0.1875
NOF,ROM,1,0.015625
NOF,ROS,1,0.015625
NOF,SCA,1,0.015625
NOF,SCL,0,0
NOF,SEQ,99,1.546875
NOF,SGR,36,0.5625
NOF,SKC,138,2.15625
NOF,SMB,17,0.265625
NOF,STO,44,0.6875
NOF,STP,24,0.375
NOF,SUN,70,1.09375
NOF,VER,97,1.515625
NOF,WAU,51,0.796875
NOF,WID,18,0.28125
NOF,WYO,2,0.03125
NOF,ZZZ,2,0.03125
NOF,UNDEF,0,0
ORE,ACL,85,1.328125
ORE,ALM,7,0.109375
ORE,ARP,26,0.40625
ORE,BAR,224,3.5
ORE,BER,169,2.640625
ORE,BLV,373,5.828125
ORE,BRD,80,1.25
ORE,CBR,112,1.75
ORE,CIA,28,0.4375
ORE,COL,60,0.9375
ORE,CSP,329,5.140625
ORE,DCL,241,3.765625
ORE,DEE,171,2.671875
ORE,DFT,532,8.3125
ORE,FCH,1353,21.140625
ORE,HAW,637,9.953125
ORE,HPB,985,15.390625
ORE,LAK,691,10.796875
ORE,LAV,11,0.171875
ORE,LDI,92,1.4375
ORE,MAD,839,13.109375
ORE,MAR,49,0.765625
ORE,MAZ,94,1.46875
ORE,MCF,573,8.953125
ORE,MCM,413,6.453125
ORE,MEA,577,9.015625
ORE,MFD,18,0.28125
ORE,MID,1378,21.53125
ORE,MNT,12,0.1875
ORE,MOO,1803,28.171875
ORE,MRO,236,3.6875
ORE,MRS,7,0.109375
ORE,MSB,197,3.078125
ORE,MTH,311,4.859375
ORE,NEK,24,0.375
ORE,NGL,79,1.234375
ORE,NOF,7,0.109375
ORE,ORE,33530,523.90625
ORE,PAR,15,0.234375
ORE,PDS,131,2.046875
ORE,PIN,1343,20.984375
ORE,PLA,40,0.625
ORE,PLO,132,2.0625
ORE,POR,140,2.1875
ORE,POY,62,0.96875
ORE,RAN,18,0.28125
ORE,REE,182,2.84375
ORE,RIO,7,0.109375
ORE,RKS,4,0.0625
ORE,ROM,17,0.265625
ORE,ROS,55,0.859375
ORE,SCA,1,0.015625
ORE,SCL,0,0
ORE,SEQ,1892,29.5625
ORE,SGR,83,1.296875
ORE,SKC,134,2.09375
ORE,SMB,307,4.796875
ORE,STO,403,6.296875
ORE,STP,459,7.171875
ORE,SUN,1091,17.046875
ORE,VER,1137,17.765625
ORE,WAU,1517,23.703125
ORE,WID,76,1.1875
ORE,WYO,4,0.0625
ORE,ZZZ,24,0.375
ORE,UNDEF,0,0
PAR,ACL,11,0.171875
PAR,ALM,0,0
PAR,ARP,8,0.125
PAR,BAR,31,0.484375
PAR,BER,6,0.09375
PAR,BLV,8,0.125
PAR,BRD,10,0.15625
PAR,CBR,17,0.265625
PAR,CIA,12,0.1875
PAR,COL,189,2.953125
PAR,CSP,41,0.640625
PAR,DCL,8,0.125
PAR,DEE,15,0.234375
PAR,DFT,35,0.546875
PAR,FCH,69,1.078125
PAR,HAW,43,0.671875
PAR,HPB,55,0.859375
PAR,LAK,42,0.65625
PAR,LAV,0,0
PAR,LDI,112,1.75
PAR,MAD,80,1.25
PAR,MAR,7,0.109375
PAR,MAZ,6,0.09375
PAR,MCF,38,0.59375
PAR,MCM,27,0.421875
PAR,MEA,27,0.421875
PAR,MFD,4,0.0625
PAR,MID,131,2.046875
PAR,MNT,3,0.046875
PAR,MOO,35,0.546875
PAR,MRO,12,0.1875
PAR,MRS,0,0
PAR,MSB,69,1.078125
PAR,MTH,29,0.453125
PAR,NEK,29,0.453125
PAR,NGL,5,0.078125
PAR,NOF,1,0.015625
PAR,ORE,57,0.890625
PAR,PAR,1941,30.328125
PAR,PDS,13,0.203125
PAR,PIN,100,1.5625
PAR,PLA,0,0
PAR,PLO,11,0.171875
PAR,POR,249,3.890625
PAR,POY,107,1.671875
PAR,RAN,18,0.28125
PAR,REE,11,0.171875
PAR,RIO,17,0.265625
PAR,RKS,1,0.015625
PAR,ROM,5,0.078125
PAR,ROS,7,0.109375
PAR,SCA,0,0
PAR,SCL,0,0
PAR,SEQ,133,2.078125
PAR,SGR,3,0.046875
PAR,SKC,8,0.125
PAR,SMB,31,0.484375
PAR,STO,36,0.5625
PAR,STP,51,0.796875
PAR,SUN,104,1.625
PAR,VER,113,1.765625
PAR,WAU,46,0.71875
PAR,WID,84,1.3125
PAR,WYO,17,0.265625
PAR,ZZZ,1,0.015625
PAR,UNDEF,0,0
PDS,ACL,27,0.421875
PDS,ALM,7,0.109375
PDS,ARP,11,0.171875
PDS,BAR,907,14.171875
PDS,BER,24,0.375
PDS,BLV,66,1.03125
PDS,BRD,32,0.5
PDS,CBR,19,0.296875
PDS,CIA,33,0.515625
PDS,COL,167,2.609375
PDS,CSP,48,0.75
PDS,DCL,37,0.578125
PDS,DEE,47,0.734375
PDS,DFT,131,2.046875
PDS,FCH,265,4.140625
PDS,HAW,188,2.9375
PDS,HPB,263,4.109375
PDS,LAK,206,3.21875
PDS,LAV,114,1.78125
PDS,LDI,248,3.875
PDS,MAD,242,3.78125
PDS,MAR,37,0.578125
PDS,MAZ,29,0.453125
PDS,MCF,106,1.65625
PDS,MCM,107,1.671875
PDS,MEA,174,2.71875
PDS,MFD,10,0.15625
PDS,MID,481,7.515625
PDS,MNT,10,0.15625
PDS,MOO,162,2.53125
PDS,MRO,107,1.671875
PDS,MRS,1,0.015625
PDS,MSB,259,4.046875
PDS,MTH,102,1.59375
PDS,NEK,6,0.09375
PDS,NGL,36,0.5625
PDS,NOF,30,0.46875
PDS,ORE,207,3.234375
PDS,PAR,62,0.96875
PDS,PDS,14296,223.375
PDS,PIN,392,6.125
PDS,PLA,130,2.03125
PDS,PLO,45,0.703125
PDS,POR,255,3.984375
PDS,POY,110,1.71875
PDS,RAN,35,0.546875
PDS,REE,468,7.3125
PDS,RIO,26,0.40625
PDS,RKS,22,0.34375
PDS,ROM,7,0.109375
PDS,ROS,28,0.4375
PDS,SCA,2,0.03125
PDS,SCL,0,0
PDS,SEQ,514,8.03125
PDS,SGR,149,2.328125
PDS,SKC,204,3.1875
PDS,SMB,74,1.15625
PDS,STO,179,2.796875
PDS,STP,179,2.796875
PDS,SUN,359,5.609375
PDS,VER,425,6.640625
PDS,WAU,200,3.125
PDS,WID,142,2.21875
PDS,WYO,7,0.109375
PDS,ZZZ,3,0.046875
PDS,UNDEF,0,0
PIN,ACL,72,1.125
PIN,ALM,9,0.140625
PIN,ARP,31,0.484375
PIN,BAR,259,4.046875
PIN,BER,52,0.8125
PIN,BLV,84,1.3125
PIN,BRD,95,1.484375
PIN,CBR,67,1.046875
PIN,CIA,39,0.609375
PIN,COL,73,1.140625
PIN,CSP,153,2.390625
PIN,DCL,88,1.375
PIN,DEE,60,0.9375
PIN,DFT,321,5.015625
PIN,FCH,525,8.203125
PIN,HAW,2261,35.328125
PIN,HPB,1224,19.125
PIN,LAK,1835,28.671875
PIN,LAV,31,0.484375
PIN,LDI,127,1.984375
PIN,MAD,1859,29.046875
PIN,MAR,43,0.671875
PIN,MAZ,38,0.59375
PIN,MCF,268,4.1875
PIN,MCM,426,6.65625
PIN,MEA,836,13.0625
PIN,MFD,17,0.265625
PIN,MID,1090,17.03125
PIN,MNT,21,0.328125
PIN,MOO,422,6.59375
PIN,MRO,249,3.890625
PIN,MRS,11,0.171875
PIN,MSB,779,12.171875
PIN,MTH,259,4.046875
PIN,NEK,73,1.140625
PIN,NGL,88,1.375
PIN,NOF,11,0.171875
PIN,ORE,312,4.875
PIN,PAR,23,0.359375
PIN,PDS,161,2.515625
PIN,PIN,72743,1136.609375
PIN,PLA,40,0.625
PIN,PLO,128,2
PIN,POR,154,2.40625
PIN,POY,69,1.078125
PIN,RAN,16,0.25
PIN,REE,202,3.15625
PIN,RIO,8,0.125
PIN,RKS,6,0.09375
PIN,ROM,29,0.453125
PIN,ROS,50,0.78125
PIN,SCA,7,0.109375
PIN,SCL,0,0
PIN,SEQ,2049,32.015625
PIN,SGR,133,2.078125
PIN,SKC,142,2.21875
PIN,SMB,503,7.859375
PIN,STO,291,4.546875
PIN,STP,580,9.0625
PIN,SUN,732,11.4375
PIN,VER,826,12.90625
PIN,WAU,414,6.46875
PIN,WID,112,1.75
PIN,WYO,5,0.078125
PIN,ZZZ,50,0.78125
PIN,UNDEF,0,0
PLA,ACL,19,0.296875
PLA,ALM,3,0.046875
PLA,ARP,7,0.109375
PLA,BAR,612,9.5625
PLA,BER,9,0.140625
PLA,BLV,15,0.234375
PLA,BRD,11,0.171875
PLA,CBR,13,0.203125
PLA,CIA,15,0.234375
PLA,COL,63,0.984375
PLA,CSP,24,0.375
PLA,DCL,17,0.265625
PLA,DEE,11,0.171875
PLA,DFT,46,0.71875
PLA,FCH,73,1.140625
PLA,HAW,60,0.9375
PLA,HPB,86,1.34375
PLA,LAK,67,1.046875
PLA,LAV,4,0.0625
PLA,LDI,90,1.40625
PLA,MAD,82,1.28125
PLA,MAR,4,0.0625
PLA,MAZ,17,0.265625
PLA,MCF,47,0.734375
PLA,MCM,44,0.6875
PLA,MEA,48,0.75
PLA,MFD,1,0.015625
PLA,MID,208,3.25
PLA,MNT,3,0.046875
PLA,MOO,47,0.734375
PLA,MRO,58,0.90625
PLA,MRS,0,0
PLA,MSB,102,1.59375
PLA,MTH,51,0.796875
PLA,NEK,5,0.078125
PLA,NGL,7,0.109375
PLA,NOF,49,0.765625
PLA,ORE,38,0.59375
PLA,PAR,19,0.296875
PLA,PDS,113,1.765625
PLA,PIN,145,2.265625
PLA,PLA,2534,39.59375
PLA,PLO,19,0.296875
PLA,POR,82,1.28125
PLA,POY,48,0.75
PLA,RAN,19,0.296875
PLA,REE,320,5
PLA,RIO,4,0.0625
PLA,RKS,9,0.140625
PLA,ROM,10,0.15625
PLA,ROS,6,0.09375
PLA,SCA,0,0
PLA,SCL,0,0
PLA,SEQ,209,3.265625
PLA,SGR,65,1.015625
PLA,SKC,140,2.1875
PLA,SMB,31,0.484375
PLA,STO,62,0.96875
PLA,STP,53,0.828125
PLA,SUN,144,2.25
PLA,VER,189,2.953125
PLA,WAU,72,1.125
PLA,WID,77,1.203125
PLA,WYO,8,0.125
PLA,ZZZ,3,0.046875
PLA,UNDEF,0,0
PLO,ACL,52,0.8125
PLO,ALM,33,0.515625
PLO,ARP,20,0.3125
PLO,BAR,110,1.71875
PLO,BER,2,0.03125
PLO,BLV,24,0.375
PLO,BRD,35,0.546875
PLO,CBR,15,0.234375
PLO,CIA,20,0.3125
PLO,COL,26,0.40625
PLO,CSP,27,0.421875
PLO,DCL,10,0.15625
PLO,DEE,20,0.3125
PLO,DFT,54,0.84375
PLO,FCH,109,1.703125
PLO,HAW,53,0.828125
PLO,HPB,86,1.34375
PLO,LAK,61,0.953125
PLO,LAV,0,0
PLO,LDI,30,0.46875
PLO,MAD,107,1.671875
PLO,MAR,12,0.1875
PLO,MAZ,13,0.203125
PLO,MCF,45,0.703125
PLO,MCM,251,3.921875
PLO,MEA,37,0.578125
PLO,MFD,16,0.25
PLO,MID,170,2.65625
PLO,MNT,8,0.125
PLO,MOO,41,0.640625
PLO,MRO,133,2.078125
PLO,MRS,0,0
PLO,MSB,57,0.890625
PLO,MTH,59,0.921875
PLO,NEK,25,0.390625
PLO,NGL,54,0.84375
PLO,NOF,3,0.046875
PLO,ORE,66,1.03125
PLO,PAR,8,0.125
PLO,PDS,44,0.6875
PLO,PIN,172,2.6875
PLO,PLA,9,0.140625
PLO,PLO,7769,121.390625
PLO,POR,37,0.578125
PLO,POY,25,0.390625
PLO,RAN,6,0.09375
PLO,REE,58,0.90625
PLO,RIO,4,0.0625
PLO,RKS,1,0.015625
PLO,ROM,14,0.21875
PLO,ROS,154,2.40625
PLO,SCA,0,0
PLO,SCL,0,0
PLO,SEQ,200,3.125
PLO,SGR,33,0.515625
PLO,SKC,38,0.59375
PLO,SMB,19,0.296875
PLO,STO,54,0.84375
PLO,STP,978,15.28125
PLO,SUN,139,2.171875
PLO,VER,145,2.265625
PLO,WAU,78,1.21875
PLO,WID,64,1
PLO,WYO,0,0
PLO,ZZZ,7,0.109375
PLO,UNDEF,0,0
POR,ACL,33,0.515625
POR,ALM,6,0.09375
POR,ARP,20,0.3125
POR,BAR,120,1.875
POR,BER,16,0.25
POR,BLV,58,0.90625
POR,BRD,40,0.625
POR,CBR,41,0.640625
POR,CIA,108,1.6875
POR,COL,273,4.265625
POR,CSP,78,1.21875
POR,DCL,62,0.96875
POR,DEE,46,0.71875
POR,DFT,190,2.96875
POR,FCH,278,4.34375
POR,HAW,288,4.5
POR,HPB,386,6.03125
POR,LAK,215,3.359375
POR,LAV,6,0.09375
POR,LDI,574,8.96875
POR,MAD,303,4.734375
POR,MAR,32,0.5
POR,MAZ,32,0.5
POR,MCF,137,2.140625
POR,MCM,164,2.5625
POR,MEA,280,4.375
POR,MFD,10,0.15625
POR,MID,608,9.5
POR,MNT,6,0.09375
POR,MOO,191,2.984375
POR,MRO,92,1.4375
POR,MRS,0,0
POR,MSB,297,4.640625
POR,MTH,135,2.109375
POR,NEK,11,0.171875
POR,NGL,40,0.625
POR,NOF,4,0.0625
POR,ORE,231,3.609375
POR,PAR,96,1.5
POR,PDS,73,1.140625
POR,PIN,415,6.484375
POR,PLA,7,0.109375
POR,PLO,58,0.90625
POR,POR,15213,237.703125
POR,POY,406,6.34375
POR,RAN,58,0.90625
POR,REE,99,1.546875
POR,RIO,90,1.40625
POR,RKS,2,0.03125
POR,ROM,22,0.34375
POR,ROS,11,0.171875
POR,SCA,1,0.015625
POR,SCL,0,0
POR,SEQ,548,8.5625
POR,SGR,27,0.421875
POR,SKC,47,0.734375
POR,SMB,81,1.265625
POR,STO,187,2.921875
POR,STP,153,2.390625
POR,SUN,470,7.34375
POR,VER,498,7.78125
POR,WAU,269,4.203125
POR,WID,260,4.0625
POR,WYO,52,0.8125
POR,ZZZ,15,0.234375
POR,UNDEF,0,0
POY,ACL,27,0.421875
POY,ALM,0,0
POY,ARP,9,0.140625
POY,BAR,65,1.015625
POY,BER,6,0.09375
POY,BLV,31,0.484375
POY,BRD,9,0.140625
POY,CBR,24,0.375
POY,CIA,69,1.078125
POY,COL,175,2.734375
POY,CSP,19,0.296875
POY,DCL,25,0.390625
POY,DEE,26,0.40625
POY,DFT,91,1.421875
POY,FCH,98,1.53125
POY,HAW,66,1.03125
POY,HPB,92,1.4375
POY,LAK,55,0.859375
POY,LAV,1,0.015625
POY,LDI,122,1.90625
POY,MAD,106,1.65625
POY,MAR,14,0.21875
POY,MAZ,16,0.25
POY,MCF,50,0.78125
POY,MCM,60,0.9375
POY,MEA,64,1
POY,MFD,0,0
POY,MID,213,3.328125
POY,MNT,0,0
POY,MOO,51,0.796875
POY,MRO,43,0.671875
POY,MRS,0,0
POY,MSB,148,2.3125
POY,MTH,60,0.9375
POY,NEK,5,0.078125
POY,NGL,51,0.796875
POY,NOF,3,0.046875
POY,ORE,85,1.328125
POY,PAR,46,0.71875
POY,PDS,37,0.578125
POY,PIN,129,2.015625
POY,PLA,6,0.09375
POY,PLO,13,0.203125
POY,POR,165,2.578125
POY,POY,5203,81.296875
POY,RAN,65,1.015625
POY,REE,30,0.46875
POY,RIO,7,0.109375
POY,RKS,0,0
POY,ROM,2,0.03125
POY,ROS,22,0.34375
POY,SCA,0,0
POY,SCL,0,0
POY,SEQ,225,3.515625
POY,SGR,7,0.109375
POY,SKC,19,0.296875
POY,SMB,27,0.421875
POY,STO,55,0.859375
POY,STP,68,1.0625
POY,SUN,183,2.859375
POY,VER,159,2.484375
POY,WAU,110,1.71875
POY,WID,103,1.609375
POY,WYO,19,0.296875
POY,ZZZ,3,0.046875
POY,UNDEF,0,0
RAN,ACL,34,0.53125
RAN,ALM,6,0.09375
RAN,ARP,5,0.078125
RAN,BAR,55,0.859375
RAN,BER,13,0.203125
RAN,BLV,15,0.234375
RAN,BRD,34,0.53125
RAN,CBR,26,0.40625
RAN,CIA,130,2.03125
RAN,COL,257,4.015625
RAN,CSP,21,0.328125
RAN,DCL,33,0.515625
RAN,DEE,22,0.34375
RAN,DFT,118,1.84375
RAN,FCH,130,2.03125
RAN,HAW,122,1.90625
RAN,HPB,158,2.46875
RAN,LAK,90,1.40625
RAN,LAV,8,0.125
RAN,LDI,193,3.015625
RAN,MAD,137,2.140625
RAN,MAR,17,0.265625
RAN,MAZ,16,0.25
RAN,MCF,66,1.03125
RAN,MCM,86,1.34375
RAN,MEA,118,1.84375
RAN,MFD,9,0.140625
RAN,MID,335,5.234375
RAN,MNT,10,0.15625
RAN,MOO,86,1.34375
RAN,MRO,72,1.125
RAN,MRS,0,0
RAN,MSB,263,4.109375
RAN,MTH,87,1.359375
RAN,NEK,8,0.125
RAN,NGL,15,0.234375
RAN,NOF,1,0.015625
RAN,ORE,128,2
RAN,PAR,157,2.453125
RAN,PDS,36,0.5625
RAN,PIN,203,3.171875
RAN,PLA,4,0.0625
RAN,PLO,28,0.4375
RAN,POR,371,5.796875
RAN,POY,126,1.96875
RAN,RAN,3049,47.640625
RAN,REE,58,0.90625
RAN,RIO,22,0.34375
RAN,RKS,2,0.03125
RAN,ROM,12,0.1875
RAN,ROS,6,0.09375
RAN,SCA,0,0
RAN,SCL,0,0
RAN,SEQ,274,4.28125
RAN,SGR,15,0.234375
RAN,SKC,29,0.453125
RAN,SMB,53,0.828125
RAN,STO,91,1.421875
RAN,STP,92,1.4375
RAN,SUN,210,3.28125
RAN,VER,226,3.53125
RAN,WAU,175,2.734375
RAN,WID,227,3.546875
RAN,WYO,19,0.296875
RAN,ZZZ,13,0.203125
RAN,UNDEF,0,0
REE,ACL,99,1.546875
REE,ALM,6,0.09375
REE,ARP,14,0.21875
REE,BAR,921,14.390625
REE,BER,40,0.625
REE,BLV,78,1.21875
REE,BRD,62,0.96875
REE,CBR,96,1.5
REE,CIA,142,2.21875
REE,COL,252,3.9375
REE,CSP,91,1.421875
REE,DCL,93,1.453125
REE,DEE,49,0.765625
REE,DFT,233,3.640625
REE,FCH,362,5.65625
REE,HAW,357,5.578125
REE,HPB,398,6.21875
REE,LAK,277,4.328125
REE,LAV,68,1.0625
REE,LDI,333,5.203125
REE,MAD,563,8.796875
REE,MAR,44,0.6875
REE,MAZ,70,1.09375
REE,MCF,218,3.40625
REE,MCM,486,7.59375
REE,MEA,253,3.953125
REE,MFD,33,0.515625
REE,MID,712,11.125
REE,MNT,12,0.1875
REE,MOO,257,4.015625
REE,MRO,244,3.8125
REE,MRS,1,0.015625
REE,MSB,247,3.859375
REE,MTH,184,2.875
REE,NEK,54,0.84375
REE,NGL,78,1.21875
REE,NOF,95,1.484375
REE,ORE,371,5.796875
REE,PAR,99,1.546875
REE,PDS,587,9.171875
REE,PIN,599,9.359375
REE,PLA,191,2.984375
REE,PLO,70,1.09375
REE,POR,405,6.328125
REE,POY,158,2.46875
REE,RAN,69,1.078125
REE,REE,22248,347.625
REE,RIO,48,0.75
REE,RKS,57,0.890625
REE,ROM,21,0.328125
REE,ROS,39,0.609375
REE,SCA,4,0.0625
REE,SCL,0,0
REE,SEQ,697,10.890625
REE,SGR,414,6.46875
REE,SKC,816,12.75
REE,SMB,151,2.359375
REE,STO,215,3.359375
REE,STP,358,5.59375
REE,SUN,561,8.765625
REE,VER,614,9.59375
REE,WAU,328,5.125
REE,WID,185,2.890625
REE,WYO,21,0.328125
REE,ZZZ,14,0.21875
REE,UNDEF,0,0
RIO,ACL,2,0.03125
RIO,ALM,4,0.0625
RIO,ARP,5,0.078125
RIO,BAR,41,0.640625
RIO,BER,10,0.15625
RIO,BLV,22,0.34375
RIO,BRD,6,0.09375
RIO,CBR,9,0.140625
RIO,CIA,45,0.703125
RIO,COL,71,1.109375
RIO,CSP,16,0.25
RIO,DCL,31,0.484375
RIO,DEE,8,0.125
RIO,DFT,53,0.828125
RIO,FCH,78,1.21875
RIO,HAW,34,0.53125
RIO,HPB,77,1.203125
RIO,LAK,48,0.75
RIO,LAV,0,0
RIO,LDI,223,3.484375
RIO,MAD,72,1.125
RIO,MAR,15,0.234375
RIO,MAZ,9,0.140625
RIO,MCF,45,0.703125
RIO,MCM,46,0.71875
RIO,MEA,35,0.546875
RIO,MFD,0,0
RIO,MID,167,2.609375
RIO,MNT,2,0.03125
RIO,MOO,62,0.96875
RIO,MRO,35,0.546875
RIO,MRS,0,0
RIO,MSB,139,2.171875
RIO,MTH,27,0.421875
RIO,NEK,9,0.140625
RIO,NGL,9,0.140625
RIO,NOF,0,0
RIO,ORE,51,0.796875
RIO,PAR,26,0.40625
RIO,PDS,16,0.25
RIO,PIN,126,1.96875
RIO,PLA,3,0.046875
RIO,PLO,20,0.3125
RIO,POR,90,1.40625
RIO,POY,139,2.171875
RIO,RAN,38,0.59375
RIO,REE,21,0.328125
RIO,RIO,3537,55.265625
RIO,RKS,0,0
RIO,ROM,3,0.046875
RIO,ROS,9,0.140625
RIO,SCA,6,0.09375
RIO,SCL,0,0
RIO,SEQ,180,2.8125
RIO,SGR,8,0.125
RIO,SKC,16,0.25
RIO,SMB,32,0.5
RIO,STO,55,0.859375
RIO,STP,52,0.8125
RIO,SUN,138,2.15625
RIO,VER,147,2.296875
RIO,WAU,67,1.046875
RIO,WID,55,0.859375
RIO,WYO,10,0.15625
RIO,ZZZ,0,0
RIO,UNDEF,0,0
RKS,ACL,0,0
RKS,ALM,3,0.046875
RKS,ARP,0,0
RKS,BAR,31,0.484375
RKS,BER,5,0.078125
RKS,BLV,3,0.046875
RKS,BRD,3,0.046875
RKS,CBR,1,0.015625
RKS,CIA,2,0.03125
RKS,COL,9,0.140625
RKS,CSP,2,0.03125
RKS,DCL,0,0
RKS,DEE,2,0.03125
RKS,DFT,6,0.09375
RKS,FCH,12,0.1875
RKS,HAW,14,0.21875
RKS,HPB,8,0.125
RKS,LAK,14,0.21875
RKS,LAV,0,0
RKS,LDI,4,0.0625
RKS,MAD,11,0.171875
RKS,MAR,1,0.015625
RKS,MAZ,0,0
RKS,MCF,5,0.078125
RKS,MCM,11,0.171875
RKS,MEA,7,0.109375
RKS,MFD,0,0
RKS,MID,20,0.3125
RKS,MNT,2,0.03125
RKS,MOO,7,0.109375
RKS,MRO,2,0.03125
RKS,MRS,0,0
RKS,MSB,6,0.09375
RKS,MTH,10,0.15625
RKS,NEK,0,0
RKS,NGL,0,0
RKS,NOF,1,0.015625
RKS,ORE,10,0.15625
RKS,PAR,2,0.03125
RKS,PDS,26,0.40625
RKS,PIN,11,0.171875
RKS,PLA,5,0.078125
RKS,PLO,5,0.078125
RKS,POR,17,0.265625
RKS,POY,8,0.125
RKS,RAN,0,0
RKS,REE,65,1.015625
RKS,RIO,0,0
RKS,RKS,693,10.828125
RKS,ROM,2,0.03125
RKS,ROS,1,0.015625
RKS,SCA,0,0
RKS,SCL,0,0
RKS,SEQ,17,0.265625
RKS,SGR,10,0.15625
RKS,SKC,47,0.734375
RKS,SMB,4,0.0625
RKS,STO,8,0.125
RKS,STP,10,0.15625
RKS,SUN,11,0.171875
RKS,VER,20,0.3125
RKS,WAU,9,0.140625
RKS,WID,5,0.078125
RKS,WYO,0,0
RKS,ZZZ,0,0
RKS,UNDEF,0,0
ROM,ACL,109,1.703125
ROM,ALM,10,0.15625
ROM,ARP,26,0.40625
ROM,BAR,130,2.03125
ROM,BER,2,0.03125
ROM,BLV,15,0.234375
ROM,BRD,40,0.625
ROM,CBR,10,0.15625
ROM,CIA,9,0.140625
ROM,COL,35,0.546875
ROM,CSP,21,0.328125
ROM,DCL,17,0.265625
ROM,DEE,20,0.3125
ROM,DFT,59,0.921875
ROM,FCH,60,0.9375
ROM,HAW,57,0.890625
ROM,HPB,78,1.21875
ROM,LAK,46,0.71875
ROM,LAV,6,0.09375
ROM,LDI,39,0.609375
ROM,MAD,65,1.015625
ROM,MAR,7,0.109375
ROM,MAZ,11,0.171875
ROM,MCF,22,0.34375
ROM,MCM,448,7
ROM,MEA,46,0.71875
ROM,MFD,28,0.4375
ROM,MID,152,2.375
ROM,MNT,11,0.171875
ROM,MOO,50,0.78125
ROM,MRO,119,1.859375
ROM,MRS,5,0.078125
ROM,MSB,31,0.484375
ROM,MTH,25,0.390625
ROM,NEK,96,1.5
ROM,NGL,42,0.65625
ROM,NOF,6,0.09375
ROM,ORE,69,1.078125
ROM,PAR,17,0.265625
ROM,PDS,41,0.640625
ROM,PIN,111,1.734375
ROM,PLA,8,0.125
ROM,PLO,20,0.3125
ROM,POR,55,0.859375
ROM,POY,38,0.59375
ROM,RAN,4,0.0625
ROM,REE,99,1.546875
ROM,RIO,1,0.015625
ROM,RKS,2,0.03125
ROM,ROM,3842,60.03125
ROM,ROS,7,0.109375
ROM,SCA,3,0.046875
ROM,SCL,0,0
ROM,SEQ,125,1.953125
ROM,SGR,38,0.59375
ROM,SKC,51,0.796875
ROM,SMB,13,0.203125
ROM,STO,33,0.515625
ROM,STP,70,1.09375
ROM,SUN,125,1.953125
ROM,VER,120,1.875
ROM,WAU,58,0.90625
ROM,WID,28,0.4375
ROM,WYO,1,0.015625
ROM,ZZZ,1,0.015625
ROM,UNDEF,0,0
ROS,ACL,17,0.265625
ROS,ALM,33,0.515625
ROS,ARP,8,0.125
ROS,BAR,29,0.453125
ROS,BER,0,0
ROS,BLV,5,0.078125
ROS,BRD,9,0.140625
ROS,CBR,1,0.015625
ROS,CIA,7,0.109375
ROS,COL,13,0.203125
ROS,CSP,13,0.203125
ROS,DCL,18,0.28125
ROS,DEE,6,0.09375
ROS,DFT,30,0.46875
ROS,FCH,50,0.78125
ROS,HAW,17,0.265625
ROS,HPB,39,0.609375
ROS,LAK,44,0.6875
ROS,LAV,0,0
ROS,LDI,16,0.25
ROS,MAD,41,0.640625
ROS,MAR,7,0.109375
ROS,MAZ,1,0.015625
ROS,MCF,22,0.34375
ROS,MCM,84,1.3125
ROS,MEA,15,0.234375
ROS,MFD,7,0.109375
ROS,MID,111,1.734375
ROS,MNT,3,0.046875
ROS,MOO,18,0.28125
ROS,MRO,41,0.640625
ROS,MRS,0,0
ROS,MSB,22,0.34375
ROS,MTH,16,0.25
ROS,NEK,1,0.015625
ROS,NGL,17,0.265625
ROS,NOF,1,0.015625
ROS,ORE,28,0.4375
ROS,PAR,2,0.03125
ROS,PDS,19,0.296875
ROS,PIN,35,0.546875
ROS,PLA,3,0.046875
ROS,PLO,321,5.015625
ROS,POR,11,0.171875
ROS,POY,6,0.09375
ROS,RAN,4,0.0625
ROS,REE,26,0.40625
ROS,RIO,0,0
ROS,RKS,4,0.0625
ROS,ROM,11,0.171875
ROS,ROS,2115,33.046875
ROS,SCA,0,0
ROS,SCL,0,0
ROS,SEQ,95,1.484375
ROS,SGR,11,0.171875
ROS,SKC,17,0.265625
ROS,SMB,5,0.078125
ROS,STO,23,0.359375
ROS,STP,307,4.796875
ROS,SUN,57,0.890625
ROS,VER,79,1.234375
ROS,WAU,43,0.671875
ROS,WID,13,0.203125
ROS,WYO,2,0.03125
ROS,ZZZ,2,0.03125
ROS,UNDEF,0,0
SCA,ACL,4,0.0625
SCA,ALM,0,0
SCA,ARP,0,0
SCA,BAR,2,0.03125
SCA,BER,6,0.09375
SCA,BLV,1,0.015625
SCA,BRD,1,0.015625
SCA,CBR,0,0
SCA,CIA,0,0
SCA,COL,1,0.015625
SCA,CSP,4,0.0625
SCA,DCL,0,0
SCA,DEE,0,0
SCA,DFT,10,0.15625
SCA,FCH,6,0.09375
SCA,HAW,2,0.03125
SCA,HPB,5,0.078125
SCA,LAK,3,0.046875
SCA,LAV,2,0.03125
SCA,LDI,2,0.03125
SCA,MAD,8,0.125
SCA,MAR,2,0.03125
SCA,MAZ,0,0
SCA,MCF,1,0.015625
SCA,MCM,3,0.046875
SCA,MEA,1,0.015625
SCA,MFD,5,0.078125
SCA,MID,7,0.109375
SCA,MNT,0,0
SCA,MOO,10,0.15625
SCA,MRO,7,0.109375
SCA,MRS,0,0
SCA,MSB,2,0.03125
SCA,MTH,6,0.09375
SCA,NEK,0,0
SCA,NGL,4,0.0625
SCA,NOF,0,0
SCA,ORE,7,0.109375
SCA,PAR,0,0
SCA,PDS,0,0
SCA,PIN,2,0.03125
SCA,PLA,0,0
SCA,PLO,0,0
SCA,POR,0,0
SCA,POY,7,0.109375
SCA,RAN,0,0
SCA,REE,0,0
SCA,RIO,3,0.046875
SCA,RKS,0,0
SCA,ROM,0,0
SCA,ROS,0,0
SCA,SCA,19,0.296875
SCA,SCL,0,0
SCA,SEQ,7,0.109375
SCA,SGR,1,0.015625
SCA,SKC,2,0.03125
SCA,SMB,2,0.03125
SCA,STO,6,0.09375
SCA,STP,2,0.03125
SCA,SUN,14,0.21875
SCA,VER,0,0
SCA,WAU,4,0.0625
SCA,WID,1,0.015625
SCA,WYO,0,0
SCA,ZZZ,0,0
SCA,UNDEF,0,0
SCL,ACL,0,0
SCL,ALM,0,0
SCL,ARP,0,0
SCL,BAR,0,0
SCL,BER,0,0
SCL,BLV,0,0
SCL,BRD,0,0
SCL,CBR,0,0
SCL,CIA,0,0
SCL,COL,0,0
SCL,CSP,0,0
SCL,DCL,0,0
SCL,DEE,0,0
SCL,DFT,0,0
SCL,FCH,0,0
SCL,HAW,0,0
SCL,HPB,0,0
SCL,LAK,0,0
SCL,LAV,0,0
SCL,LDI,0,0
SCL,MAD,0,0
SCL,MAR,0,0
SCL,MAZ,0,0
SCL,MCF,0,0
SCL,MCM,0,0
SCL,MEA,0,0
SCL,MFD,0,0
SCL,MID,0,0
SCL,MNT,0,0
SCL,MOO,0,0
SCL,MRO,0,0
SCL,MRS,0,0
SCL,MSB,0,0
SCL,MTH,0,0
SCL,NEK,0,0
SCL,NGL,0,0
SCL,NOF,0,0
SCL,ORE,0,0
SCL,PAR,0,0
SCL,PDS,0,0
SCL,PIN,0,0
SCL,PLA,0,0
SCL,PLO,0,0
SCL,POR,0,0
SCL,POY,0,0
SCL,RAN,0,0
SCL,REE,0,0
SCL,RIO,0,0
SCL,RKS,0,0
SCL,ROM,0,0
SCL,ROS,0,0
SCL,SCA,1,0.015625
SCL,SCL,0,0
SCL,SEQ,0,0
SCL,SGR,0,0
SCL,SKC,0,0
SCL,SMB,0,0
SCL,STO,0,0
SCL,STP,0,0
SCL,SUN,0,0
SCL,VER,0,0
SCL,WAU,0,0
SCL,WID,0,0
SCL,WYO,0,0
SCL,ZZZ,0,0
SCL,UNDEF,0,0
SEQ,ACL,78,1.21875
SEQ,ALM,21,0.328125
SEQ,ARP,29,0.453125
SEQ,BAR,342,5.34375
SEQ,BER,58,0.90625
SEQ,BLV,108,1.6875
SEQ,BRD,79,1.234375
SEQ,CBR,86,1.34375
SEQ,CIA,22,0.34375
SEQ,COL,118,1.84375
SEQ,CSP,153,2.390625
SEQ,DCL,99,1.546875
SEQ,DEE,94,1.46875
SEQ,DFT,318,4.96875
SEQ,FCH,605,9.453125
SEQ,HAW,1124,17.5625
SEQ,HPB,1364,21.3125
SEQ,LAK,1159,18.109375
SEQ,LAV,42,0.65625
SEQ,LDI,115,1.796875
SEQ,MAD,2036,31.8125
SEQ,MAR,52,0.8125
SEQ,MAZ,74,1.15625
SEQ,MCF,292,4.5625
SEQ,MCM,512,8
SEQ,MEA,812,12.6875
SEQ,MFD,20,0.3125
SEQ,MID,1377,21.515625
SEQ,MNT,24,0.375
SEQ,MOO,491,7.671875
SEQ,MRO,269,4.203125
SEQ,MRS,13,0.203125
SEQ,MSB,870,13.59375
SEQ,MTH,299,4.671875
SEQ,NEK,62,0.96875
SEQ,NGL,115,1.796875
SEQ,NOF,14,0.21875
SEQ,ORE,383,5.984375
SEQ,PAR,59,0.921875
SEQ,PDS,238,3.71875
SEQ,PIN,2019,31.546875
SEQ,PLA,44,0.6875
SEQ,PLO,159,2.484375
SEQ,POR,163,2.546875
SEQ,POY,94,1.46875
SEQ,RAN,5,0.078125
SEQ,REE,206,3.21875
SEQ,RIO,6,0.09375
SEQ,RKS,18,0.28125
SEQ,ROM,45,0.703125
SEQ,ROS,54,0.84375
SEQ,SCA,7,0.109375
SEQ,SCL,0,0
SEQ,SEQ,95389,1490.453125
SEQ,SGR,117,1.828125
SEQ,SKC,123,1.921875
SEQ,SMB,499,7.796875
SEQ,STO,441,6.890625
SEQ,STP,730,11.40625
SEQ,SUN,944,14.75
SEQ,VER,1114,17.40625
SEQ,WAU,482,7.53125
SEQ,WID,162,2.53125
SEQ,WYO,4,0.0625
SEQ,ZZZ,24,0.375
SEQ,UNDEF,0,0
SGR,ACL,23,0.359375
SGR,ALM,0,0
SGR,ARP,9,0.140625
SGR,BAR,565,8.828125
SGR,BER,16,0.25
SGR,BLV,27,0.421875
SGR,BRD,25,0.390625
SGR,CBR,22,0.34375
SGR,CIA,30,0.46875
SGR,COL,74,1.15625
SGR,CSP,36,0.5625
SGR,DCL,43,0.671875
SGR,DEE,31,0.484375
SGR,DFT,112,1.75
SGR,FCH,140,2.1875
SGR,HAW,117,1.828125
SGR,HPB,193,3.015625
SGR,LAK,149,2.328125
SGR,LAV,37,0.578125
SGR,LDI,119,1.859375
SGR,MAD,169,2.640625
SGR,MAR,23,0.359375
SGR,MAZ,36,0.5625
SGR,MCF,75,1.171875
SGR,MCM,87,1.359375
SGR,MEA,102,1.59375
SGR,MFD,2,0.03125
SGR,MID,385,6.015625
SGR,MNT,5,0.078125
SGR,MOO,119,1.859375
SGR,MRO,77,1.203125
SGR,MRS,0,0
SGR,MSB,153,2.390625
SGR,MTH,82,1.28125
SGR,NEK,9,0.140625
SGR,NGL,22,0.34375
SGR,NOF,34,0.53125
SGR,ORE,119,1.859375
SGR,PAR,24,0.375
SGR,PDS,472,7.375
SGR,PIN,268,4.1875
SGR,PLA,62,0.96875
SGR,PLO,36,0.5625
SGR,POR,151,2.359375
SGR,POY,57,0.890625
SGR,RAN,21,0.328125
SGR,REE,259,4.046875
SGR,RIO,6,0.09375
SGR,RKS,13,0.203125
SGR,ROM,9,0.140625
SGR,ROS,10,0.15625
SGR,SCA,0,0
SGR,SCL,0,0
SGR,SEQ,312,4.875
SGR,SGR,6819,106.546875
SGR,SKC,139,2.171875
SGR,SMB,51,0.796875
SGR,STO,95,1.484375
SGR,STP,92,1.4375
SGR,SUN,218,3.40625
SGR,VER,219,3.421875
SGR,WAU,110,1.71875
SGR,WID,71,1.109375
SGR,WYO,6,0.09375
SGR,ZZZ,7,0.109375
SGR,UNDEF,0,0
SKC,ACL,23,0.359375
SKC,ALM,5,0.078125
SKC,ARP,6,0.09375
SKC,BAR,480,7.5
SKC,BER,25,0.390625
SKC,BLV,18,0.28125
SKC,BRD,29,0.453125
SKC,CBR,20,0.3125
SKC,CIA,22,0.34375
SKC,COL,108,1.6875
SKC,CSP,43,0.671875
SKC,DCL,47,0.734375
SKC,DEE,25,0.390625
SKC,DFT,109,1.703125
SKC,FCH,175,2.734375
SKC,HAW,115,1.796875
SKC,HPB,209,3.265625
SKC,LAK,148,2.3125
SKC,LAV,26,0.40625
SKC,LDI,199,3.109375
SKC,MAD,191,2.984375
SKC,MAR,17,0.265625
SKC,MAZ,24,0.375
SKC,MCF,72,1.125
SKC,MCM,159,2.484375
SKC,MEA,147,2.296875
SKC,MFD,5,0.078125
SKC,MID,357,5.578125
SKC,MNT,3,0.046875
SKC,MOO,100,1.5625
SKC,MRO,68,1.0625
SKC,MRS,1,0.015625
SKC,MSB,144,2.25
SKC,MTH,81,1.265625
SKC,NEK,5,0.078125
SKC,NGL,26,0.40625
SKC,NOF,43,0.671875
SKC,ORE,135,2.109375
SKC,PAR,14,0.21875
SKC,PDS,381,5.953125
SKC,PIN,295,4.609375
SKC,PLA,97,1.515625
SKC,PLO,36,0.5625
SKC,POR,158,2.46875
SKC,POY,59,0.921875
SKC,RAN,22,0.34375
SKC,REE,280,4.375
SKC,RIO,14,0.21875
SKC,RKS,15,0.234375
SKC,ROM,7,0.109375
SKC,ROS,12,0.1875
SKC,SCA,0,0
SKC,SCL,0,0
SKC,SEQ,343,5.359375
SKC,SGR,280,4.375
SKC,SKC,14248,222.625
SKC,SMB,62,0.96875
SKC,STO,109,1.703125
SKC,STP,121,1.890625
SKC,SUN,317,4.953125
SKC,VER,343,5.359375
SKC,WAU,138,2.15625
SKC,WID,100,1.5625
SKC,WYO,12,0.1875
SKC,ZZZ,5,0.078125
SKC,UNDEF,0,0
SMB,ACL,64,1
SMB,ALM,10,0.15625
SMB,ARP,26,0.40625
SMB,BAR,170,2.65625
SMB,BER,7,0.109375
SMB,BLV,62,0.96875
SMB,BRD,46,0.71875
SMB,CBR,27,0.421875
SMB,CIA,12,0.1875
SMB,COL,36,0.5625
SMB,CSP,66,1.03125
SMB,DCL,40,0.625
SMB,DEE,41,0.640625
SMB,DFT,171,2.671875
SMB,FCH,311,4.859375
SMB,HAW,460,7.1875
SMB,HPB,1263,19.734375
SMB,LAK,371,5.796875
SMB,LAV,6,0.09375
SMB,LDI,60,0.9375
SMB,MAD,894,13.96875
SMB,MAR,26,0.40625
SMB,MAZ,34,0.53125
SMB,MCF,158,2.46875
SMB,MCM,216,3.375
SMB,MEA,257,4.015625
SMB,MFD,16,0.25
SMB,MID,543,8.484375
SMB,MNT,9,0.140625
SMB,MOO,234,3.65625
SMB,MRO,104,1.625
SMB,MRS,0,0
SMB,MSB,121,1.890625
SMB,MTH,139,2.171875
SMB,NEK,17,0.265625
SMB,NGL,60,0.9375
SMB,NOF,7,0.109375
SMB,ORE,181,2.828125
SMB,PAR,9,0.140625
SMB,PDS,79,1.234375
SMB,PIN,897,14.015625
SMB,PLA,22,0.34375
SMB,PLO,78,1.21875
SMB,POR,120,1.875
SMB,POY,38,0.59375
SMB,RAN,3,0.046875
SMB,REE,94,1.46875
SMB,RIO,2,0.03125
SMB,RKS,4,0.0625
SMB,ROM,28,0.4375
SMB,ROS,23,0.359375
SMB,SCA,4,0.0625
SMB,SCL,0,0
SMB,SEQ,2032,31.75
SMB,SGR,69,1.078125
SMB,SKC,72,1.125
SMB,SMB,11876,185.5625
SMB,STO,168,2.625
SMB,STP,315,4.921875
SMB,SUN,411,6.421875
SMB,VER,457,7.140625
SMB,WAU,204,3.1875
SMB,WID,49,0.765625
SMB,WYO,1,0.015625
SMB,ZZZ,18,0.28125
SMB,UNDEF,0,0
STO,ACL,99,1.546875
STO,ALM,7,0.109375
STO,ARP,47,0.734375
STO,BAR,258,4.03125
STO,BER,157,2.453125
STO,BLV,282,4.40625
STO,BRD,76,1.1875
STO,CBR,139,2.171875
STO,CIA,26,0.40625
STO,COL,95,1.484375
STO,CSP,354,5.53125
STO,DCL,221,3.453125
STO,DEE,178,2.78125
STO,DFT,515,8.046875
STO,FCH,1509,23.578125
STO,HAW,597,9.328125
STO,HPB,893,13.953125
STO,LAK,646,10.09375
STO,LAV,12,0.1875
STO,LDI,123,1.921875
STO,MAD,902,14.09375
STO,MAR,227,3.546875
STO,MAZ,86,1.34375
STO,MCF,599,9.359375
STO,MCM,291,4.546875
STO,MEA,517,8.078125
STO,MFD,16,0.25
STO,MID,1544,24.125
STO,MNT,20,0.3125
STO,MOO,1289,20.140625
STO,MRO,217,3.390625
STO,MRS,6,0.09375
STO,MSB,226,3.53125
STO,MTH,1580,24.6875
STO,NEK,38,0.59375
STO,NGL,97,1.515625
STO,NOF,26,0.40625
STO,ORE,1393,21.765625
STO,PAR,38,0.59375
STO,PDS,110,1.71875
STO,PIN,1231,19.234375
STO,PLA,40,0.625
STO,PLO,144,2.25
STO,POR,128,2
STO,POY,65,1.015625
STO,RAN,21,0.328125
STO,REE,190,2.96875
STO,RIO,5,0.078125
STO,RKS,6,0.09375
STO,ROM,24,0.375
STO,ROS,56,0.875
STO,SCA,5,0.078125
STO,SCL,0,0
STO,SEQ,1859,29.046875
STO,SGR,89,1.390625
STO,SKC,119,1.859375
STO,SMB,263,4.109375
STO,STO,25510,398.59375
STO,STP,457,7.140625
STO,SUN,1307,20.421875
STO,VER,1199,18.734375
STO,WAU,1404,21.9375
STO,WID,69,1.078125
STO,WYO,4,0.0625
STO,ZZZ,27,0.421875
STO,UNDEF,0,0
STP,ACL,252,3.9375
STP,ALM,102,1.59375
STP,ARP,107,1.671875
STP,BAR,607,9.484375
STP,BER,67,1.046875
STP,BLV,109,1.703125
STP,BRD,227,3.546875
STP,CBR,89,1.390625
STP,CIA,39,0.609375
STP,COL,206,3.21875
STP,CSP,107,1.671875
STP,DCL,109,1.703125
STP,DEE,99,1.546875
STP,DFT,320,5
STP,FCH,485,7.578125
STP,HAW,429,6.703125
STP,HPB,582,9.09375
STP,LAK,455,7.109375
STP,LAV,35,0.546875
STP,LDI,268,4.1875
STP,MAD,683,10.671875
STP,MAR,54,0.84375
STP,MAZ,70,1.09375
STP,MCF,277,4.328125
STP,MCM,1191,18.609375
STP,MEA,364,5.6875
STP,MFD,65,1.015625
STP,MID,1211,18.921875
STP,MNT,43,0.671875
STP,MOO,415,6.484375
STP,MRO,683,10.671875
STP,MRS,8,0.125
STP,MSB,400,6.25
STP,MTH,282,4.40625
STP,NEK,112,1.75
STP,NGL,253,3.953125
STP,NOF,25,0.390625
STP,ORE,376,5.875
STP,PAR,60,0.9375
STP,PDS,323,5.046875
STP,PIN,841,13.140625
STP,PLA,63,0.984375
STP,PLO,801,12.515625
STP,POR,264,4.125
STP,POY,170,2.65625
STP,RAN,52,0.8125
STP,REE,391,6.109375
STP,RIO,16,0.25
STP,RKS,17,0.265625
STP,ROM,98,1.53125
STP,ROS,376,5.875
STP,SCA,1,0.015625
STP,SCL,0,0
STP,SEQ,1197,18.703125
STP,SGR,202,3.15625
STP,SKC,262,4.09375
STP,SMB,199,3.109375
STP,STO,361,5.640625
STP,STP,45846,716.34375
STP,SUN,789,12.328125
STP,VER,962,15.03125
STP,WAU,438,6.84375
STP,WID,270,4.21875
STP,WYO,15,0.234375
STP,ZZZ,25,0.390625
STP,UNDEF,0,0
SUN,ACL,103,1.609375
SUN,ALM,10,0.15625
SUN,ARP,23,0.359375
SUN,BAR,403,6.296875
SUN,BER,122,1.90625
SUN,BLV,265,4.140625
SUN,BRD,128,2
SUN,CBR,217,3.390625
SUN,CIA,48,0.75
SUN,COL,151,2.359375
SUN,CSP,293,4.578125
SUN,DCL,289,4.515625
SUN,DEE,253,3.953125
SUN,DFT,739,11.546875
SUN,FCH,1157,18.078125
SUN,HAW,843,13.171875
SUN,HPB,1151,17.984375
SUN,LAK,898,14.03125
SUN,LAV,35,0.546875
SUN,LDI,171,2.671875
SUN,MAD,1077,16.828125
SUN,MAR,161,2.515625
SUN,MAZ,97,1.515625
SUN,MCF,531,8.296875
SUN,MCM,504,7.875
SUN,MEA,686,10.71875
SUN,MFD,17,0.265625
SUN,MID,5372,83.9375
SUN,MNT,14,0.21875
SUN,MOO,1064,16.625
SUN,MRO,303,4.734375
SUN,MRS,7,0.109375
SUN,MSB,352,5.5
SUN,MTH,973,15.203125
SUN,NEK,25,0.390625
SUN,NGL,123,1.921875
SUN,NOF,26,0.40625
SUN,ORE,1069,16.703125
SUN,PAR,46,0.71875
SUN,PDS,208,3.25
SUN,PIN,1569,24.515625
SUN,PLA,45,0.703125
SUN,PLO,151,2.359375
SUN,POR,191,2.984375
SUN,POY,107,1.671875
SUN,RAN,40,0.625
SUN,REE,271,4.234375
SUN,RIO,17,0.265625
SUN,RKS,17,0.265625
SUN,ROM,58,0.90625
SUN,ROS,82,1.28125
SUN,SCA,9,0.140625
SUN,SCL,0,0
SUN,SEQ,2268,35.4375
SUN,SGR,122,1.90625
SUN,SKC,198,3.09375
SUN,SMB,347,5.421875
SUN,STO,1331,20.796875
SUN,STP,569,8.890625
SUN,SUN,105120,1642.5
SUN,VER,4145,64.765625
SUN,WAU,1014,15.84375
SUN,WID,151,2.359375
SUN,WYO,14,0.21875
SUN,ZZZ,25,0.390625
SUN,UNDEF,0,0
VER,ACL,110,1.71875
VER,ALM,12,0.1875
VER,ARP,33,0.515625
VER,BAR,418,6.53125
VER,BER,123,1.921875
VER,BLV,384,6
VER,BRD,104,1.625
VER,CBR,179,2.796875
VER,CIA,56,0.875
VER,COL,153,2.390625
VER,CSP,319,4.984375
VER,DCL,278,4.34375
VER,DEE,260,4.0625
VER,DFT,747,11.671875
VER,FCH,1195,18.671875
VER,HAW,939,14.671875
VER,HPB,1295,20.234375
VER,LAK,880,13.75
VER,LAV,17,0.265625
VER,LDI,209,3.265625
VER,MAD,1100,17.1875
VER,MAR,203,3.171875
VER,MAZ,128,2
VER,MCF,460,7.1875
VER,MCM,577,9.015625
VER,MEA,754,11.78125
VER,MFD,34,0.53125
VER,MID,6027,94.171875
VER,MNT,22,0.34375
VER,MOO,1338,20.90625
VER,MRO,334,5.21875
VER,MRS,8,0.125
VER,MSB,433,6.765625
VER,MTH,1291,20.171875
VER,NEK,74,1.15625
VER,NGL,165,2.578125
VER,NOF,16,0.25
VER,ORE,1513,23.640625
VER,PAR,32,0.5
VER,PDS,276,4.3125
VER,PIN,1788,27.9375
VER,PLA,48,0.75
VER,PLO,154,2.40625
VER,POR,210,3.28125
VER,POY,116,1.8125
VER,RAN,26,0.40625
VER,REE,257,4.015625
VER,RIO,10,0.15625
VER,RKS,15,0.234375
VER,ROM,39,0.609375
VER,ROS,111,1.734375
VER,SCA,8,0.125
VER,SCL,0,0
VER,SEQ,2731,42.671875
VER,SGR,144,2.25
VER,SKC,201,3.140625
VER,SMB,385,6.015625
VER,STO,1924,30.0625
VER,STP,730,11.40625
VER,SUN,1502,23.46875
VER,VER,107172,1674.5625
VER,WAU,1021,15.953125
VER,WID,123,1.921875
VER,WYO,8,0.125
VER,ZZZ,33,0.515625
VER,UNDEF,0,0
WAU,ACL,54,0.84375
WAU,ALM,5,0.078125
WAU,ARP,21,0.328125
WAU,BAR,241,3.765625
WAU,BER,65,1.015625
WAU,BLV,216,3.375
WAU,BRD,46,0.71875
WAU,CBR,368,5.75
WAU,CIA,35,0.546875
WAU,COL,73,1.140625
WAU,CSP,204,3.1875
WAU,DCL,213,3.328125
WAU,DEE,400,6.25
WAU,DFT,1587,24.796875
WAU,FCH,2394,37.40625
WAU,HAW,503,7.859375
WAU,HPB,628,9.8125
WAU,LAK,460,7.1875
WAU,LAV,13,0.203125
WAU,LDI,93,1.453125
WAU,MAD,542,8.46875
WAU,MAR,70,1.09375
WAU,MAZ,187,2.921875
WAU,MCF,892,13.9375
WAU,MCM,316,4.9375
WAU,MEA,361,5.640625
WAU,MFD,6,0.09375
WAU,MID,1867,29.171875
WAU,MNT,13,0.203125
WAU,MOO,503,7.859375
WAU,MRO,166,2.59375
WAU,MRS,0,0
WAU,MSB,227,3.546875
WAU,MTH,413,6.453125
WAU,NEK,39,0.609375
WAU,NGL,98,1.53125
WAU,NOF,10,0.15625
WAU,ORE,515,8.046875
WAU,PAR,26,0.40625
WAU,PDS,113,1.765625
WAU,PIN,827,12.921875
WAU,PLA,33,0.515625
WAU,PLO,88,1.375
WAU,POR,119,1.859375
WAU,POY,58,0.90625
WAU,RAN,15,0.234375
WAU,REE,139,2.171875
WAU,RIO,15,0.234375
WAU,RKS,6,0.09375
WAU,ROM,29,0.453125
WAU,ROS,42,0.65625
WAU,SCA,3,0.046875
WAU,SCL,0,0
WAU,SEQ,1244,19.4375
WAU,SGR,84,1.3125
WAU,SKC,92,1.4375
WAU,SMB,180,2.8125
WAU,STO,531,8.296875
WAU,STP,323,5.046875
WAU,SUN,1686,26.34375
WAU,VER,1486,23.21875
WAU,WAU,51582,805.96875
WAU,WID,80,1.25
WAU,WYO,2,0.03125
WAU,ZZZ,13,0.203125
WAU,UNDEF,0,0
WID,ACL,101,1.578125
WID,ALM,20,0.3125
WID,ARP,48,0.75
WID,BAR,155,2.421875
WID,BER,14,0.21875
WID,BLV,33,0.515625
WID,BRD,81,1.265625
WID,CBR,16,0.25
WID,CIA,21,0.328125
WID,COL,111,1.734375
WID,CSP,26,0.40625
WID,DCL,33,0.515625
WID,DEE,19,0.296875
WID,DFT,76,1.1875
WID,FCH,122,1.90625
WID,HAW,91,1.421875
WID,HPB,134,2.09375
WID,LAK,84,1.3125
WID,LAV,3,0.046875
WID,LDI,158,2.46875
WID,MAD,114,1.78125
WID,MAR,13,0.203125
WID,MAZ,21,0.328125
WID,MCF,43,0.671875
WID,MCM,363,5.671875
WID,MEA,88,1.375
WID,MFD,24,0.375
WID,MID,229,3.578125
WID,MNT,15,0.234375
WID,MOO,98,1.53125
WID,MRO,209,3.265625
WID,MRS,0,0
WID,MSB,252,3.9375
WID,MTH,57,0.890625
WID,NEK,58,0.90625
WID,NGL,77,1.203125
WID,NOF,15,0.234375
WID,ORE,72,1.125
WID,PAR,40,0.625
WID,PDS,83,1.296875
WID,PIN,165,2.578125
WID,PLA,21,0.328125
WID,PLO,207,3.234375
WID,POR,116,1.8125
WID,POY,77,1.203125
WID,RAN,71,1.109375
WID,REE,94,1.46875
WID,RIO,7,0.109375
WID,RKS,7,0.109375
WID,ROM,54,0.84375
WID,ROS,96,1.5
WID,SCA,0,0
WID,SCL,0,0
WID,SEQ,226,3.53125
WID,SGR,46,0.71875
WID,SKC,62,0.96875
WID,SMB,49,0.765625
WID,STO,64,1
WID,STP,718,11.21875
WID,SUN,158,2.46875
WID,VER,226,3.53125
WID,WAU,102,1.59375
WID,WID,8598,134.34375
WID,WYO,11,0.171875
WID,ZZZ,5,0.078125
WID,UNDEF,0,0
WYO,ACL,8,0.125
WYO,ALM,0,0
WYO,ARP,3,0.046875
WYO,BAR,22,0.34375
WYO,BER,4,0.0625
WYO,BLV,12,0.1875
WYO,BRD,3,0.046875
WYO,CBR,10,0.15625
WYO,CIA,11,0.171875
WYO,COL,48,0.75
WYO,CSP,10,0.15625
WYO,DCL,10,0.15625
WYO,DEE,15,0.234375
WYO,DFT,18,0.28125
WYO,FCH,50,0.78125
WYO,HAW,22,0.34375
WYO,HPB,56,0.875
WYO,LAK,21,0.328125
WYO,LAV,14,0.21875
WYO,LDI,120,1.875
WYO,MAD,36,0.5625
WYO,MAR,7,0.109375
WYO,MAZ,4,0.0625
WYO,MCF,27,0.421875
WYO,MCM,33,0.515625
WYO,MEA,24,0.375
WYO,MFD,0,0
WYO,MID,59,0.921875
WYO,MNT,0,0
WYO,MOO,40,0.625
WYO,MRO,10,0.15625
WYO,MRS,0,0
WYO,MSB,71,1.109375
WYO,MTH,28,0.4375
WYO,NEK,2,0.03125
WYO,NGL,9,0.140625
WYO,NOF,0,0
WYO,ORE,26,0.40625
WYO,PAR,9,0.140625
WYO,PDS,11,0.171875
WYO,PIN,61,0.953125
WYO,PLA,5,0.078125
WYO,PLO,5,0.078125
WYO,POR,58,0.90625
WYO,POY,65,1.015625
WYO,RAN,11,0.171875
WYO,REE,12,0.1875
WYO,RIO,19,0.296875
WYO,RKS,0,0
WYO,ROM,3,0.046875
WYO,ROS,8,0.125
WYO,SCA,0,0
WYO,SCL,0,0
WYO,SEQ,110,1.71875
WYO,SGR,21,0.328125
WYO,SKC,43,0.671875
WYO,SMB,14,0.21875
WYO,STO,37,0.578125
WYO,STP,45,0.703125
WYO,SUN,89,1.390625
WYO,VER,82,1.28125
WYO,WAU,44,0.6875
WYO,WID,42,0.65625
WYO,WYO,628,9.8125
WYO,ZZZ,0,0
WYO,UNDEF,0,0
ZZZ,ACL,0,0
ZZZ,ALM,0,0
ZZZ,ARP,0,0
ZZZ,BAR,0,0
ZZZ,BER,0,0
ZZZ,BLV,0,0
ZZZ,BRD,0,0
ZZZ,CBR,0,0
ZZZ,CIA,0,0
ZZZ,COL,0,0
ZZZ,CSP,0,0
ZZZ,DCL,0,0
ZZZ,DEE,0,0
ZZZ,DFT,0,0
ZZZ,FCH,0,0
ZZZ,HAW,0,0
ZZZ,HPB,0,0
ZZZ,LAK,0,0
ZZZ,LAV,0,0
ZZZ,LDI,0,0
ZZZ,MAD,0,0
ZZZ,MAR,0,0
ZZZ,MAZ,0,0
ZZZ,MCF,0,0
ZZZ,MCM,0,0
ZZZ,MEA,0,0
ZZZ,MFD,0,0
ZZZ,MID,0,0
ZZZ,MNT,0,0
ZZZ,MOO,0,0
ZZZ,MRO,0,0
ZZZ,MRS,0,0
ZZZ,MSB,0,0
ZZZ,MTH,0,0
ZZZ,NEK,0,0
ZZZ,NGL,0,0
ZZZ,NOF,0,0
ZZZ,ORE,0,0
ZZZ,PAR,0,0
ZZZ,PDS,0,0
ZZZ,PIN,0,0
ZZZ,PLA,0,0
ZZZ,PLO,0,0
ZZZ,POR,0,0
ZZZ,POY,0,0
ZZZ,RAN,0,0
ZZZ,REE,0,0
ZZZ,RIO,0,0
ZZZ,RKS,0,0
ZZZ,ROM,0,0
ZZZ,ROS,0,0
ZZZ,SCA,0,0
ZZZ,SCL,0,0
ZZZ,SEQ,0,0
ZZZ,SGR,0,0
ZZZ,SKC,0,0
ZZZ,SMB,0,0
ZZZ,STO,0,0
ZZZ,STP,0,0
ZZZ,SUN,0,0
ZZZ,VER,0,0
ZZZ,WAU,0,0
ZZZ,WID,0,0
ZZZ,WYO,0,0
ZZZ,ZZZ,0,0
ZZZ,UNDEF,0,0
UNDEF,ACL,0,0
UNDEF,ALM,0,0
UNDEF,ARP,0,0
UNDEF,BAR,0,0
UNDEF,BER,0,0
UNDEF,BLV,0,0
UNDEF,BRD,0,0
UNDEF,CBR,0,0
UNDEF,CIA,0,0
UNDEF,COL,0,0
UNDEF,CSP,0,0
UNDEF,DCL,0,0
UNDEF,DEE,0,0
UNDEF,DFT,0,0
UNDEF,FCH,0,0
UNDEF,HAW,0,0
UNDEF,HPB,0,0
UNDEF,LAK,0,0
UNDEF,LAV,0,0
UNDEF,LDI,0,0
UNDEF,MAD,0,0
UNDEF,MAR,0,0
UNDEF,MAZ,0,0
UNDEF,MCF,0,0
UNDEF,MCM,0,0
UNDEF,MEA,0,0
UNDEF,MFD,0,0
UNDEF,MID,0,0
UNDEF,MNT,0,0
UNDEF,MOO,0,0
UNDEF,MRO,0,0
UNDEF,MRS,0,0
UNDEF,MSB,0,0
UNDEF,MTH,0,0
UNDEF,NEK,0,0
UNDEF,NGL,0,0
UNDEF,NOF,0,0
UNDEF,ORE,0,0
UNDEF,PAR,0,0
UNDEF,PDS,0,0
UNDEF,PIN,0,0
UNDEF,PLA,0,0
UNDEF,PLO,0,0
UNDEF,POR,0,0
UNDEF,POY,0,0
UNDEF,RAN,0,0
UNDEF,REE,0,0
UNDEF,RIO,0,0
UNDEF,RKS,0,0
UNDEF,ROM,0,0
UNDEF,ROS,0,0
UNDEF,SCA,0,0
UNDEF,SCL,0,0
UNDEF,SEQ,0,0
UNDEF,SGR,0,0
UNDEF,SKC,0,0
UNDEF,SMB,0,0
UNDEF,STO,0,0
UNDEF,STP,0,0
UNDEF,SUN,0,0
UNDEF,VER,0,0
UNDEF,WAU,0,0
UNDEF,WID,0,0
UNDEF,WYO,0,0
UNDEF,ZZZ,0,0
UNDEF,UNDEF,0,0
